Time,Concentration,Temperature,Pressure
9:41:19,-104.9,27.9,1032.7
9:41:29,-111.7,27.9,1032.8
9:41:39,105,27.9,1032.6
9:41:49,112.3,27.9,1032.6
9:41:59,113.3,27.9,1032.4
9:42:09,80,27.9,1031.9
9:42:19,77.2,27.9,1032
9:42:29,101.7,27.9,1032.4
9:42:39,99.6,27.9,1032.4
9:42:49,115.9,28,1032.6
9:42:59,107.8,28,1032.4
9:43:09,86.1,28,1032.4
9:43:19,91.4,28,1032.4
9:43:29,104.6,28,1032.7
9:43:39,114.1,28,1032.3
9:43:49,116.8,28,1032.2
9:43:59,125.8,28,1032
9:44:09,131.9,28,1032.3
9:44:19,119.8,28,1032.3
9:44:29,112,28,1032.6
9:44:39,109.2,28,1032.4
9:44:49,101.4,28,1032.6
9:44:59,102.2,28,1032.4
9:45:09,97.3,28.1,1032.3
9:45:19,95.1,28.1,1032.3
9:45:29,97.3,28.1,1032.7
9:45:39,104.5,28.1,1032.4
9:45:49,92,28.1,1032.7
9:45:59,104.4,28.1,1032.3
9:46:09,111.2,28.1,1031.8
9:46:19,86.8,28.1,1031.6
9:46:29,137.7,28.1,1032.3
9:46:39,156.8,28.1,1032.2
9:46:49,116.8,28.1,1032.6
9:46:59,110.7,28.1,1032.4
9:47:09,116,28.2,1032.3
9:47:19,104.8,28.1,1032.4
9:47:29,95.5,28.2,1032.6
9:47:39,96,28.2,1032.6
9:47:49,95.7,28.2,1032.4
9:47:59,96.5,28.2,1032.3
9:48:09,104.9,28.2,1032
9:48:19,116.1,28.2,1032.2
9:48:29,90.8,28.2,1032.6
9:48:39,85.6,28.2,1032.4
9:48:49,101,28.2,1032.7
9:48:59,122.3,28.2,1032.6
9:49:09,139.3,28.2,1032.4
9:49:19,116.2,28.2,1032.4
9:49:29,96.5,28.2,1032.6
9:49:39,83.8,28.2,1032.3
9:49:49,113.2,28.3,1032.2
9:49:59,128.5,28.3,1031.9
9:50:09,119.2,28.3,1031.8
9:50:19,121,28.3,1032.2
9:50:29,106.9,28.3,1032.6
9:50:39,100.6,28.3,1032.6
9:50:49,102.9,28.3,1032.7
9:50:59,99.4,28.3,1032.4
9:51:09,83.5,28.3,1032.3
9:51:19,77.6,28.3,1032.4
9:51:29,69.2,28.3,1032.7
9:51:39,68.4,28.3,1032.4
9:51:49,99.8,28.3,1032.6
9:51:59,117.6,28.3,1032.3
9:52:09,106.3,28.3,1032.3
9:52:19,105.9,28.4,1032.4
9:52:29,85.4,28.4,1032.7
9:52:39,82.3,28.4,1032.4
9:52:49,107.2,28.4,1032.4
9:52:59,114.6,28.4,1032.2
9:53:09,117.3,28.4,1032
9:53:19,102.4,28.4,1031.9
9:53:29,93.7,28.4,1032.3
9:53:39,103.6,28.4,1032.2
9:53:49,97.2,28.4,1032.6
9:53:59,94,28.4,1032.3
9:54:09,128.6,28.4,1032.3
9:54:19,132.1,28.4,1032.4
9:54:29,90.8,28.4,1032.6
9:54:39,95.7,28.4,1032.4
9:54:49,109.5,28.4,1032.4
9:54:59,107.9,28.4,1032.2
9:55:09,123.8,28.5,1032.2
9:55:19,119.8,28.5,1032
9:55:29,132.8,28.5,1031.9
9:55:39,111.4,28.5,1032
9:55:49,54.3,28.5,1032.2
9:55:59,70.9,28.5,1032
9:56:09,114.6,28.5,1032
9:56:19,111.3,28.5,1032.2
9:56:29,98.5,28.5,1032.4
9:56:39,94.6,28.5,1032.3
9:56:49,85.7,28.5,1032.6
9:56:59,95,28.5,1032.3
9:57:09,110.5,28.5,1032.2
9:57:19,118.1,28.5,1032
9:57:29,107.7,28.5,1032.3
9:57:39,91.9,28.5,1032.2
9:57:49,82.5,28.5,1032.6
9:57:59,76.8,28.5,1032.2
9:58:09,89.1,28.5,1032.2
9:58:19,83.8,28.5,1032.2
9:58:29,81.3,28.6,1032.3
9:58:39,79.6,28.6,1032.3
9:58:49,80.5,28.6,1032.2
9:58:59,77.9,28.6,1031.9
9:59:09,87.8,28.6,1032
9:59:19,98.2,28.6,1032.3
9:59:29,98.3,28.6,1032.6
9:59:39,125.3,28.6,1032.3
9:59:49,117.2,28.6,1032.6
9:59:59,91.7,28.6,1032.3
10:00:09,91.5,28.6,1032.3
10:00:19,100.2,28.6,1032.3
10:00:29,105.3,28.6,1032.6
10:00:39,97.1,28.6,1032.4
10:00:49,96.5,28.6,1032.4
10:00:59,102.2,28.6,1032
10:01:09,78.9,28.6,1031.9
10:01:19,64.1,28.6,1031.9
10:01:29,107.1,28.6,1032.3
10:01:39,130.3,28.6,1032.2
10:01:49,103.9,28.6,1032.6
10:01:59,81.9,28.6,1032.3
10:02:09,94.4,28.7,1032.2
10:02:19,86.1,28.6,1032.3
10:02:29,86.7,28.7,1032.6
10:02:39,125.1,28.7,1032.3
10:02:49,116.1,28.7,1032.3
10:02:59,86.1,28.7,1032.2
10:03:09,77.3,28.7,1032.2
10:03:19,94.5,28.7,1032.2
10:03:29,98.9,28.7,1032.3
10:03:39,98.3,28.7,1032.2
10:03:49,88.9,28.7,1032.3
10:03:59,79.4,28.7,1032.2
10:04:09,93.9,28.7,1032.3
10:04:19,93.3,28.7,1032.3
10:04:29,98,28.7,1032.4
10:04:39,105.6,28.7,1032.4
10:04:49,108.6,28.7,1032.6
10:04:59,89.9,28.7,1032.3
10:05:09,80.4,28.7,1032.3
10:05:19,97.2,28.7,1032.2
10:05:29,112.9,28.7,1032.3
10:05:39,109.8,28.7,1032
10:05:49,86.4,28.7,1032.2
10:05:59,65,28.7,1032.2
10:06:09,73.8,28.7,1032.2
10:06:19,94.2,28.7,1032.3
10:06:29,96.8,28.7,1032.4
10:06:39,102.4,28.8,1032.2
10:06:49,104.2,28.8,1032.4
10:06:59,107.8,28.8,1032.2
10:07:09,108.2,28.8,1032.2
10:07:19,95.2,28.8,1032.2
10:07:29,92.8,28.8,1032.4
10:07:39,112.3,28.8,1032.2
10:07:49,98.9,28.8,1032.4
10:07:59,73,28.8,1032
10:08:09,96.8,28.8,1032
10:08:19,102.2,28.8,1031.9
10:08:29,104.4,28.8,1032.3
10:08:39,105.1,28.8,1032.2
10:08:49,99.7,28.8,1032.4
10:08:59,101.1,28.8,1032.2
10:09:09,98,28.8,1032.2
10:09:19,99.4,28.8,1032
10:09:29,95.8,28.8,1032.3
10:09:39,109,28.8,1032.2
10:09:49,105.5,28.8,1032.4
10:09:59,100,28.8,1032.2
10:10:09,103.3,28.8,1032.2
10:10:19,101.2,28.8,1031.9
10:10:29,115.2,28.8,1032.3
10:10:39,112,28.8,1032.2
10:10:49,104.7,28.8,1032.3
10:10:59,98.8,28.8,1032
10:11:09,88,28.8,1032
10:11:19,103.8,28.9,1032
10:11:29,109.4,28.9,1032.2
10:11:39,96.4,28.8,1032.2
10:11:49,104.3,28.9,1032.4
10:11:59,97.6,28.9,1032.2
10:12:09,92.7,28.9,1032
10:12:19,88.4,28.9,1032.2
10:12:29,85.5,28.9,1032.3
10:12:39,118.8,28.9,1032
10:12:49,122.7,28.9,1032.2
10:12:59,114.1,28.9,1031.9
10:13:09,104.6,28.9,1032.2
10:13:19,101.3,28.9,1032
10:13:29,97,28.9,1032.3
10:13:39,89.1,28.9,1032
10:13:49,109.6,28.9,1032.3
10:13:59,113.1,28.9,1032.2
10:14:09,111.9,28.9,1031.9
10:14:19,121,28.9,1032
10:14:29,99.2,28.9,1032.2
10:14:39,93.4,28.9,1032
10:14:49,99,28.9,1032.3
10:14:59,100.7,28.9,1032
10:15:09,111.2,28.9,1032.2
10:15:19,100.4,28.9,1032.2
10:15:29,97.7,28.9,1032.4
10:15:39,112.8,28.9,1032.3
10:15:49,103.3,28.9,1032.6
10:15:59,95.4,28.9,1032.3
10:16:09,111.1,28.9,1032
10:16:19,104.6,28.9,1032
10:16:29,90.3,28.9,1032.3
10:16:39,92.4,28.9,1032.3
10:16:49,102.9,28.9,1032.4
10:16:59,99.2,28.9,1032.2
10:17:09,85.3,28.9,1032.3
10:17:19,81.7,28.9,1032.3
10:17:29,104.4,29,1032.6
10:17:39,125.8,28.9,1032.3
10:17:49,117.4,28.9,1032.6
10:17:59,99.5,29,1032
10:18:09,103.8,28.9,1031.9
10:18:19,114.4,29,1031.9
10:18:29,110.7,29,1032.3
10:18:39,97.5,29,1032.2
10:18:49,86.4,29,1032.3
10:18:59,99.9,29,1032.2
10:19:09,103.6,29,1032
10:19:19,85.1,29,1032
10:19:29,97.9,29,1032.2
10:19:39,108.5,29,1032
10:19:49,105.9,29,1032.2
10:19:59,109.9,29,1031.9
10:20:09,108.5,29,1032.2
10:20:19,116.4,29,1032.2
10:20:29,120.6,29,1032.3
10:20:39,112.3,29,1032.3
10:20:49,103.3,29,1032.4
10:20:59,109.5,29,1032.2
10:21:09,93.6,29,1032.2
10:21:19,89.2,29,1032
10:21:29,104.6,29,1032.3
10:21:39,107.4,29,1032
10:21:49,106.9,29,1032.4
10:21:59,113.8,29,1032.2
10:22:09,101,29,1032
10:22:19,101.9,29,1032.2
10:22:29,121.3,29,1032.4
10:22:39,110.4,29,1032.3
10:22:49,117.3,29,1032.4
10:22:59,97.5,29,1032
10:23:09,61.9,29,1032
10:23:19,87,29,1031.9
10:23:29,70.3,29,1032.4
10:23:39,59.8,29,1032.3
10:23:49,85.4,29,1032.6
10:23:59,79.4,29,1032.4
10:24:09,88,29,1032.4
10:24:19,110,29,1032.3
10:24:29,125.1,29,1032.4
10:24:39,115.1,29.1,1032.3
10:24:49,98.5,29,1032.4
10:24:59,90.1,29.1,1032.2
10:25:09,110,29,1032.2
10:25:19,115.3,29.1,1032.2
10:25:29,96.1,29.1,1032.6
10:25:39,98.4,29.1,1032.3
10:25:49,91.1,29.1,1032.6
10:25:59,90,29.1,1032.3
10:26:09,99.6,29.1,1032.3
10:26:19,108.5,29.1,1032.2
10:26:29,109,29.1,1032.4
10:26:39,114.2,29.1,1032.3
10:26:49,126.6,29.1,1032.4
10:26:59,120.8,29.1,1032.3
10:27:09,123.7,29.1,1032.2
10:27:19,129.3,29.1,1032.2
10:27:29,107.9,29.1,1032.6
10:27:39,99,29.1,1032.3
10:27:49,108.1,29.1,1032.6
10:27:59,113.1,29.1,1032.3
10:28:09,112.7,29.1,1032.3
10:28:19,97.5,29.1,1032.3
10:28:29,90.6,29.1,1032.6
10:28:39,105.3,29.1,1032.4
10:28:49,115.6,29.1,1032.6
10:28:59,115.4,29.1,1032.3
10:29:09,107,29.1,1032.3
10:29:19,95.2,29.1,1032.3
10:29:29,101.6,29.1,1032.6
10:29:39,120,29.1,1032.3
10:29:49,113.8,29.1,1032.6
10:29:59,110.2,29.1,1032.3
10:30:09,127,29.1,1032.3
10:30:19,125.8,29.1,1032.3
10:30:29,125.6,29.1,1032.6
10:30:39,123,29.1,1032.6
10:30:49,123.7,29.1,1032.4
10:30:59,118,29.1,1032.3
10:31:09,104.5,29.1,1032.3
10:31:19,93.6,29.2,1032.3
10:31:29,99.3,29.2,1032.4
10:31:39,100,29.2,1032.3
10:31:49,95.6,29.2,1032.4
10:31:59,92,29.2,1032.3
10:32:09,96.5,29.2,1032.3
10:32:19,106.1,29.2,1032.3
10:32:29,107.5,29.2,1032.6
10:32:39,112.1,29.2,1032.6
10:32:49,113.4,29.2,1032.6
10:32:59,113.4,29.2,1032.4
10:33:09,112.5,29.2,1032.3
10:33:19,119.2,29.2,1032.4
10:33:29,120.1,29.2,1032.7
10:33:39,112.7,29.2,1032.4
10:33:49,112.6,29.2,1032.6
10:33:59,111.3,29.2,1032.3
10:34:09,110.9,29.2,1032.3
10:34:19,120.6,29.2,1032.3
10:34:29,115.2,29.2,1032.6
10:34:39,106.2,29.2,1032.4
10:34:49,111,29.2,1032.6
10:34:59,109.5,29.2,1032.3
10:35:09,114.8,29.2,1032.3
10:35:19,123.9,29.2,1032.4
10:35:29,116.7,29.2,1032.7
10:35:39,125,29.2,1032.4
10:35:49,123.8,29.2,1032.6
10:35:59,111.9,29.2,1032.3
10:36:09,124.7,29.3,1032.4
10:36:19,116.9,29.3,1032.6
10:36:29,100.1,29.3,1032.7
10:36:39,110.5,29.3,1032.6
10:36:49,116.5,29.3,1032.7
10:36:59,110.2,29.3,1032.4
10:37:09,105.4,29.3,1032.3
10:37:19,101.1,29.3,1032.3
10:37:29,103.9,29.3,1032.7
10:37:39,123.6,29.3,1032.4
10:37:49,120.9,29.3,1032.7
10:37:59,114.4,29.3,1032.4
10:38:09,107.5,29.3,1032.4
10:38:19,102.8,29.3,1032.4
10:38:29,112.4,29.3,1032.6
10:38:39,103.3,29.3,1032.4
10:38:49,105.3,29.3,1032.6
10:38:59,122.9,29.3,1032.4
10:39:09,109.7,29.3,1032.3
10:39:19,97.4,29.3,1032.4
10:39:29,100.2,29.3,1032.6
10:39:39,97.5,29.3,1032.3
10:39:49,103.4,29.3,1032.6
10:39:59,101.5,29.3,1032.4
10:40:09,106.2,29.3,1032.3
10:40:19,123.5,29.3,1032.3
10:40:29,120.7,29.3,1032.6
10:40:39,104.3,29.3,1032.6
10:40:49,115.6,29.4,1032.6
10:40:59,114.4,29.3,1032.4
10:41:09,97.9,29.3,1032.3
10:41:19,105.6,29.4,1032.4
10:41:29,104.5,29.4,1032.6
10:41:39,97.2,29.4,1032.4
10:41:49,105.7,29.4,1032.6
10:41:59,112.5,29.4,1032.3
10:42:09,108.4,29.4,1032.4
10:42:19,102.5,29.4,1032.4
10:42:29,87,29.4,1032.7
10:42:39,91.4,29.4,1032.7
10:42:49,104.5,29.4,1032.7
10:42:59,105,29.4,1032.3
10:43:09,101.9,29.4,1032.3
10:43:19,104.1,29.4,1032.3
10:43:29,114.3,29.4,1032.7
10:43:39,116,29.4,1032.6
10:43:49,111.1,29.4,1032.7
10:43:59,99.7,29.4,1032.6
10:44:09,107.9,29.4,1032.4
10:44:19,107.2,29.4,1032.4
10:44:29,104.4,29.4,1032.6
10:44:39,119.3,29.4,1032.6
10:44:49,127.1,29.4,1032.7
10:44:59,115.2,29.4,1032.4
10:45:09,102.2,29.4,1032.4
10:45:19,109,29.4,1032.4
10:45:29,105.6,29.4,1032.7
10:45:39,89.5,29.4,1032.4
10:45:49,78.2,29.4,1032.7
10:45:59,76.9,29.4,1032.4
10:46:09,89.9,29.4,1032.3
10:46:19,108,29.4,1032.3
10:46:29,111.3,29.4,1032.6
10:46:39,108,29.4,1032.6
10:46:49,105.1,29.4,1032.7
10:46:59,112.9,29.4,1032.4
10:47:09,116,29.4,1032.4
10:47:19,97.5,29.4,1032.4
10:47:29,100.6,29.4,1032.7
10:47:39,107.9,29.4,1032.4
10:47:49,97.2,29.5,1032.6
10:47:59,97.3,29.5,1032.3
10:48:09,102.6,29.5,1032.3
10:48:19,102.1,29.5,1032.3
10:48:29,95.1,29.5,1032.6
10:48:39,85.4,29.5,1032.6
10:48:49,90.1,29.5,1032.6
10:48:59,102.4,29.5,1032.3
10:49:09,102.7,29.5,1032.3
10:49:19,108.2,29.5,1032.3
10:49:29,116.1,29.5,1032.6
10:49:39,106,29.5,1032.4
10:49:49,98,29.5,1032.6
10:49:59,101.6,29.5,1032.4
10:50:09,96.9,29.5,1032.4
10:50:19,84.1,29.5,1032.4
10:50:29,92.1,29.5,1032.6
10:50:39,98.8,29.5,1032.4
10:50:49,99.1,29.5,1032.6
10:50:59,105.7,29.5,1032.4
10:51:09,99.9,29.5,1032.4
10:51:19,100.1,29.5,1032.4
10:51:29,112.2,29.5,1032.6
10:51:39,105.3,29.5,1032.4
10:51:49,96.9,29.5,1032.6
10:51:59,103.9,29.5,1032.3
10:52:09,105,29.5,1032.3
10:52:19,115.6,29.5,1032.4
10:52:29,108.4,29.5,1032.7
10:52:39,97.7,29.5,1032.4
10:52:49,94.3,29.5,1032.7
10:52:59,101.8,29.5,1032.3
10:53:09,115,29.5,1032.4
10:53:19,113.4,29.5,1032.4
10:53:29,112,29.5,1032.6
10:53:39,114.7,29.5,1032.4
10:53:49,106.7,29.5,1032.8
10:53:59,100.7,29.5,1032.4
10:54:09,97.1,29.5,1032.4
10:54:19,91.8,29.5,1032.6
10:54:29,88.3,29.5,1032.8
10:54:39,93.7,29.5,1032.6
10:54:49,92,29.5,1032.6
10:54:59,80.9,29.5,1032.4
10:55:09,82.8,29.5,1032.4
10:55:19,92.6,29.5,1032.4
10:55:29,95.6,29.5,1032.7
10:55:39,101.1,29.5,1032.4
10:55:49,98.2,29.5,1032.6
10:55:59,89.7,29.5,1032.4
10:56:09,95.1,29.5,1032.3
10:56:19,101.3,29.5,1032.4
10:56:29,90.4,29.5,1032.6
10:56:39,95.7,29.5,1032.6
10:56:49,115.7,29.5,1032.6
10:56:59,105.9,29.5,1032.4
10:57:09,94.3,29.5,1032.4
10:57:19,97.5,29.5,1032.6
10:57:29,95.7,29.5,1032.7
10:57:39,98.1,29.5,1032.6
10:57:49,89.2,29.5,1032.8
10:57:59,68.8,29.6,1032.6
10:58:09,73.7,29.6,1032.4
10:58:19,81.2,29.6,1032.4
10:58:29,92.2,29.6,1032.7
10:58:39,92.8,29.6,1032.6
10:58:49,82.6,29.6,1032.7
10:58:59,80.1,29.6,1032.3
10:59:09,80.3,29.6,1032.3
10:59:19,96.1,29.6,1032.3
10:59:29,97,29.6,1032.7
10:59:39,103,29.6,1032.4
10:59:49,102.3,29.6,1032.7
10:59:59,86.2,29.6,1032.4
11:00:09,82.2,29.6,1032.4
11:00:19,84.9,29.6,1032.6
11:00:29,95.5,29.6,1032.6
11:00:39,99.8,29.6,1032.4
11:00:49,80.4,29.6,1032.6
11:00:59,90.7,29.6,1032.3
11:01:09,107.1,29.6,1032.2
11:01:19,90.1,29.6,1032.2
11:01:29,97,29.6,1032.6
11:01:39,104,29.6,1032.3
11:01:49,98.4,29.6,1032.6
11:01:59,96.9,29.6,1032.3
11:02:09,91.7,29.6,1032.3
11:02:19,94,29.6,1032.2
11:02:29,104.2,29.6,1032.4
11:02:39,99.4,29.6,1032.3
11:02:49,98.6,29.6,1032.4
11:02:59,99.4,29.6,1032.3
11:03:09,94,29.6,1032.2
11:03:19,93.8,29.6,1032.3
11:03:29,95.2,29.6,1032.4
11:03:39,89.5,29.6,1032.3
11:03:49,82.5,29.6,1032.6
11:03:59,92.1,29.6,1032.3
11:04:09,97.3,29.6,1032.3
11:04:19,93.8,29.6,1032.3
11:04:29,85.1,29.6,1032.6
11:04:39,93.3,29.6,1032.3
11:04:49,101.8,29.6,1032.6
11:04:59,93.7,29.6,1032.3
11:05:09,103.9,29.6,1032.3
11:05:19,110.8,29.6,1032.4
11:05:29,89.8,29.6,1032.7
11:05:39,77.9,29.6,1032.4
11:05:49,88.9,29.6,1032.7
11:05:59,78.8,29.6,1032.4
11:06:09,82.2,29.6,1032.4
11:06:19,81.5,29.6,1032.6
11:06:29,70.7,29.6,1032.6
11:06:39,74.5,29.6,1032.6
11:06:49,85.9,29.6,1032.6
11:06:59,92.2,29.6,1032.4
11:07:09,92.5,29.6,1032.4
11:07:19,102,29.6,1032.4
11:07:29,98.3,29.6,1032.6
11:07:39,82.2,29.6,1032.4
11:07:49,76.8,29.6,1032.6
11:07:59,80.8,29.6,1032.4
11:08:09,81.6,29.6,1032.4
11:08:19,84.5,29.6,1032.4
11:08:29,87.9,29.6,1032.6
11:08:39,93.8,29.6,1032.4
11:08:49,95.5,29.6,1032.4
11:08:59,102.5,29.6,1032.3
11:09:09,111,29.6,1032.2
11:09:19,103.5,29.6,1032.2
11:09:29,106.4,29.6,1032.4
11:09:39,98.2,29.6,1032.3
11:09:49,80.7,29.6,1032.6
11:09:59,87.2,29.6,1032.3
11:10:09,87.7,29.6,1032.3
11:10:19,90.7,29.6,1032.3
11:10:29,100.9,29.7,1032.3
11:10:39,79.8,29.7,1032.3
11:10:49,89.9,29.7,1032.3
11:10:59,98.8,29.6,1032.3
11:11:09,79.6,29.6,1032
11:11:19,90.4,29.6,1032.2
11:11:29,105.9,29.6,1032.4
11:11:39,103.9,29.7,1032.2
11:11:49,95.5,29.7,1032.4
11:11:59,95.3,29.6,1032.2
11:12:09,101.7,29.7,1032.3
11:12:19,95.3,29.7,1032.3
11:12:29,91.6,29.7,1032.4
11:12:39,98.1,29.7,1032.2
11:12:49,89.1,29.6,1032.4
11:12:59,85,29.7,1032.3
11:13:09,95.7,29.7,1032.2
11:13:19,94.2,29.7,1032.3
11:13:29,95.1,29.7,1032.4
11:13:39,84,29.7,1032.3
11:13:49,76.7,29.7,1032.6
11:13:59,99.1,29.7,1032.3
11:14:09,105.6,29.7,1032.2
11:14:19,95.4,29.7,1032.3
11:14:29,85.4,29.7,1032.4
11:14:39,89.6,29.7,1032.4
11:14:49,105.4,29.7,1032.4
11:14:59,97.4,29.7,1032.3
11:15:09,84.9,29.7,1032.3
11:15:19,87.9,29.7,1032.3
11:15:29,93.8,29.7,1032.4
11:15:39,105.3,29.7,1032.3
11:15:49,95.2,29.7,1032.4
11:15:59,71.8,29.7,1032.3
11:16:09,84,29.7,1032.2
11:16:19,95.2,29.7,1032.2
11:16:29,86.9,29.7,1032.3
11:16:39,87.5,29.7,1032.3
11:16:49,86.3,29.7,1032.4
11:16:59,79.8,29.7,1032.3
11:17:09,84.5,29.7,1032.3
11:17:19,91.7,29.7,1032.3
11:17:29,95.2,29.7,1032.4
11:17:39,95,29.7,1032.3
11:17:49,84,29.7,1032.6
11:17:59,77,29.7,1032.3
11:18:09,96,29.7,1032.2
11:18:19,100,29.7,1032.2
11:18:29,90.6,29.7,1032.6
11:18:39,92,29.7,1032.4
11:18:49,94.6,29.7,1032.6
11:18:59,99.8,29.7,1032.4
11:19:09,108.2,29.7,1032.2
11:19:19,108.8,29.7,998.3
11:19:29,119.3,29.7,997.1
11:19:39,120.8,29.7,997.9
11:19:49,103.5,29.7,1017
11:19:59,122.9,29.7,1026
11:20:09,136.4,29.7,1030.3
11:20:19,134.5,29.7,1031.4
11:20:29,127.9,29.7,1032.2
11:20:39,113.1,29.7,1032.2
11:20:49,114.3,29.7,1032.4
11:20:59,115.4,29.7,1032.2
11:21:09,122.4,29.7,1032
11:21:19,123.3,29.7,1032.2
11:21:29,99.6,29.7,997.4
11:21:39,108.7,29.7,997.1
11:21:49,87.1,29.7,997.1
11:21:59,52.7,29.7,1013.7
11:22:09,109.9,29.7,1026.4
11:22:19,165.6,29.7,1028.3
11:22:29,147,29.7,1029.2
11:22:39,106.2,29.7,1029.5
11:22:49,88.8,29.7,1029.9
11:22:59,71.8,29.7,1029.8
11:23:09,62.7,29.7,1029.9
11:23:19,77.4,29.7,1029.9
11:23:29,94.7,29.7,1030.2
11:23:39,104.8,29.7,1029.9
11:23:49,90,29.7,1030.2
11:23:59,89.4,29.7,1029.9
11:24:09,104.8,29.7,1029.9
11:24:19,98.8,29.7,1030.2
11:24:29,87.2,29.7,1030.3
11:24:39,95.3,29.7,1030.3
11:24:49,100.1,29.7,1030.4
11:24:59,86.7,29.7,1030.3
11:25:09,94.8,29.7,1030.2
11:25:19,98.5,29.7,1030.2
11:25:29,99.5,29.7,1030.4
11:25:39,110.4,29.7,1030.3
11:25:49,101.3,29.7,1030.4
11:25:59,96.2,29.7,1030.3
11:26:09,107,29.7,1030.3
11:26:19,100.9,29.7,1030.3
11:26:29,94.9,29.7,1030.6
11:26:39,93.9,29.7,1030.6
11:26:49,99.4,29.7,1030.6
11:26:59,85.2,29.7,1030.4
11:27:09,71.8,29.7,1030.4
11:27:19,96.1,29.7,1030.4
11:27:29,108.5,29.7,1030.4
11:27:39,95.9,29.7,1030.4
11:27:49,92.2,29.7,1030.7
11:27:59,95.1,29.7,1030.4
11:28:09,99.2,29.7,1030.4
11:28:19,96.6,29.7,1030.6
11:28:29,92,29.7,1030.8
11:28:39,91.4,29.7,1030.8
11:28:49,94.3,29.7,1030.7
11:28:59,109.7,29.7,1030.6
11:29:09,104.2,29.7,1030.4
11:29:19,90,29.7,1030.6
11:29:29,82.5,29.7,1030.7
11:29:39,90.8,29.7,1030.6
11:29:49,93.8,29.7,1030.8
11:29:59,83.8,29.7,1030.6
11:30:09,78.3,29.7,1030.7
11:30:19,81.4,29.7,1031.1
11:30:29,91.3,29.7,1030.8
11:30:39,94.9,29.7,1030.8
11:30:49,88.6,29.7,1030.8
11:30:59,88,29.7,1030.7
11:31:09,105.5,29.7,1030.6
11:31:19,111.1,29.7,1030.6
11:31:29,99.7,29.7,1030.8
11:31:39,99.6,29.7,1030.7
11:31:49,91.8,29.7,1030.8
11:31:59,70.1,29.7,1030.7
11:32:09,89.7,29.7,1030.6
11:32:19,104.9,29.7,1030.7
11:32:29,93.9,29.7,1030.8
11:32:39,96.4,29.7,1030.7
11:32:49,105,29.7,1030.8
11:32:59,94.7,29.7,1030.7
11:33:09,88.5,29.7,1030.7
11:33:19,108.7,29.7,1030.7
11:33:29,114.2,29.7,1031
11:33:39,100.3,29.7,1030.7
11:33:49,92.3,29.7,1031
11:33:59,87,29.7,1030.7
11:34:09,98,29.7,1030.6
11:34:19,108,29.7,1030.7
11:34:29,104.4,29.7,1030.8
11:34:39,91.4,29.7,1030.7
11:34:49,79.1,29.7,1030.8
11:34:59,84.6,29.7,1030.7
11:35:09,108,29.7,1030.7
11:35:19,109.2,29.7,1030.8
11:35:29,87,29.7,1031
11:35:39,86.2,29.7,1030.8
11:35:49,89,29.7,1031.1
11:35:59,90.6,29.7,1030.8
11:36:09,96.4,29.7,1030.7
11:36:19,94.1,29.7,1030.8
11:36:29,79,29.7,1031.1
11:36:39,88.3,29.7,1030.8
11:36:49,100.9,29.7,1031.1
11:36:59,101.3,29.7,1030.7
11:37:09,97,29.7,1030.7
11:37:19,120.8,29.7,997
11:37:29,134,29.7,996.9
11:37:39,95,29.7,996.9
11:37:49,78.6,29.7,1021
11:37:59,103.6,29.7,1025.4
11:38:09,120.7,29.7,1027.8
11:38:19,114.4,29.7,1028.4
11:38:29,118.3,29.7,1029.2
11:38:39,112,29.7,1029.5
11:38:49,106.6,29.7,1029.8
11:38:59,107.9,29.7,1029.9
11:39:09,94.5,29.7,1029.9
11:39:19,83.1,29.7,1030
11:39:29,76.2,29.7,996.9
11:39:39,101.3,29.8,996.9
11:39:49,86.4,29.8,996.7
11:39:59,58,29.8,996.7
11:40:09,81.4,29.8,996.9
11:40:19,102.4,29.8,1003.3
11:40:29,111.7,29.8,1011
11:40:39,106.8,29.8,1011
11:40:49,108.5,29.8,1011.3
11:40:59,113.8,29.8,1011.1
11:41:09,111.1,29.8,1011.3
11:41:19,110.5,29.8,1011.4
11:41:29,127.9,29.8,1011.4
11:41:39,119.5,29.8,1011.4
11:41:49,110.2,29.8,1011.7
11:41:59,110.3,29.8,1011.3
11:42:09,91.1,29.8,1011.5
11:42:19,102.6,29.8,1011.5
11:42:29,122.2,29.8,1011.5
11:42:39,88.7,29.8,1011.7
11:42:49,81.2,29.9,1011.8
11:42:59,104.4,29.8,1011.5
11:43:09,98,29.9,1011.7
11:43:19,96.7,29.9,1011.7
11:43:29,96.7,29.9,1011.8
11:43:39,107.8,29.9,1011.8
11:43:49,108.1,29.9,1011.9
11:43:59,110.8,29.9,1011.7
11:44:09,117.5,29.9,1011.8
11:44:19,107.8,29.9,1011.8
11:44:29,104.2,29.9,1011.8
11:44:39,102.8,29.9,1011.8
11:44:49,115.4,29.9,1011.9
11:44:59,118.5,29.9,1011.8
11:45:09,109.6,29.9,1011.8
11:45:19,108.1,29.9,1011.8
11:45:29,109.3,29.9,1011.9
11:45:39,109.6,29.9,1011.8
11:45:49,108.6,29.9,1011.9
11:45:59,117.8,29.9,1011.8
11:46:09,116.1,29.9,1011.8
11:46:19,109.7,29.9,1011.8
11:46:29,107,29.9,1011.9
11:46:39,91.7,29.9,1011.9
11:46:49,90.5,29.9,1011.9
11:46:59,113.7,29.9,1011.9
11:47:09,111.2,29.9,1011.9
11:47:19,108.6,29.9,1011.9
11:47:29,109.5,29.9,1012.1
11:47:39,110,30,1011.9
11:47:49,120.6,30,1012.1
11:47:59,109.1,30,1011.9
11:48:09,106.3,30,1012.1
11:48:19,127.8,30,1012.1
11:48:29,119.3,30,1012.2
11:48:39,102.1,30,1012.2
11:48:49,111.3,30,1012.2
11:48:59,108.3,30,1012.1
11:49:09,91.2,30,1012.1
11:49:19,92.8,30,1012.1
11:49:29,118.5,30,1012.2
11:49:39,119.1,30,1012.1
11:49:49,105.2,30,1012.2
11:49:59,96.6,30,1012.1
11:50:09,100.8,30,1012.2
11:50:19,115.6,30,1012.2
11:50:29,107.1,30,1012.3
11:50:39,109.5,30,1012.2
11:50:49,128.1,30,1012.3
11:50:59,126.3,30,1012.2
11:51:09,127,30,1012.2
11:51:19,132.5,30,1012.3
11:51:29,126.3,30,1012.3
11:51:39,125.2,30,1012.2
11:51:49,120.7,30,1012.5
11:51:59,107,30,1012.3
11:52:09,110.2,30,1012.3
11:52:19,115.5,30,1012.5
11:52:29,104.3,30,1012.5
11:52:39,92.8,30,1012.5
11:52:49,92.1,30,1012.6
11:52:59,98.3,30,1012.3
11:53:09,101.1,30,1012.5
11:53:19,107.2,30,1012.6
11:53:29,119.7,30,1012.6
11:53:39,113.3,30,1012.5
11:53:49,104.8,30,1012.7
11:53:59,111.2,30,1012.5
11:54:09,106.3,30,1012.6
11:54:19,105.8,30,1012.6
11:54:29,111.3,30,1012.7
11:54:39,107.6,30,1012.7
11:54:49,101.8,30,1012.7
11:54:59,103,30,1012.6
11:55:09,102.7,30,1012.6
11:55:19,102.6,30,1012.6
11:55:29,110.2,30,1012.7
11:55:39,98.2,30,1012.6
11:55:49,101.3,30,1012.7
11:55:59,108,30,1012.6
11:56:09,102.7,30,1012.6
11:56:19,104,30,1012.6
11:56:29,92.8,30.1,1012.7
11:56:39,105,30.1,1012.6
11:56:49,110.8,30,1012.7
11:56:59,109.4,30,1012.6
11:57:09,112.8,30,1012.6
11:57:19,117.9,30,1012.6
11:57:29,121.4,30,1012.7
11:57:39,118.2,30.1,1012.6
11:57:49,119.2,30.1,1012.7
11:57:59,120.8,30.1,1012.6
11:58:09,116.4,30.1,1012.6
11:58:19,112.7,30,1012.6
11:58:29,107.7,30.1,1012.6
11:58:39,106.7,30,1012.6
11:58:49,111.4,30,1012.7
11:58:59,106.4,30.1,1012.6
11:59:09,109.7,30,1012.6
11:59:19,111.6,30.1,1012.6
11:59:29,113.3,30,1012.7
11:59:39,101.7,30,1012.6
11:59:49,97.4,30.1,1012.8
11:59:59,104.7,30,1012.5
12:00:09,109.7,30.1,1012.6
12:00:19,116.5,30.1,1012.6
12:00:29,111.8,30.1,1012.6
12:00:39,111.1,30.1,1012.6
12:00:49,110.3,30.1,1012.7
12:00:59,104.4,30,1012.6
12:01:09,102.5,30.1,1012.6
12:01:19,106.6,30.1,1012.6
12:01:29,117,30.1,1012.7
12:01:39,119.9,30.1,1012.6
12:01:49,110.2,30.1,1012.8
12:01:59,100.9,30.1,1012.5
12:02:09,107.4,30.1,1012.6
12:02:19,129.4,30.1,1012.7
12:02:29,131.3,30.1,1012.7
12:02:39,115.6,30.1,1012.7
12:02:49,101.7,30.1,1012.8
12:02:59,101.2,30.1,1012.6
12:03:09,107.1,30.1,1012.7
12:03:19,109.9,30.1,1012.7
12:03:29,123.6,30.1,1012.7
12:03:39,135.6,30.1,1012.7
12:03:49,120.8,30.1,1012.8
12:03:59,130.5,30.1,1012.7
12:04:09,128.2,30.1,1012.7
12:04:19,112.1,30.1,1012.7
12:04:29,124,30.1,1012.8
12:04:39,117.1,30.1,1012.7
12:04:49,107.2,30.1,1012.8
12:04:59,104.5,30.1,1012.6
12:05:09,98.7,30.1,1012.7
12:05:19,107.7,30.1,1012.7
12:05:29,111.2,30.1,1012.8
12:05:39,105.1,30.1,1012.7
12:05:49,120.5,30.1,1012.8
12:05:59,117.3,30.1,1012.6
12:06:09,101.8,30.1,1012.7
12:06:19,108,30.1,1012.7
12:06:29,116.5,30.1,1012.8
12:06:39,109.6,30.1,1012.8
12:06:49,112.5,30.1,1012.8
12:06:59,119.5,30.1,1012.6
12:07:09,109.6,30.1,1012.8
12:07:19,100.2,30.1,1012.8
12:07:29,108.6,30.1,1012.8
12:07:39,104.2,30.1,1012.7
12:07:49,101.8,30.1,1013
12:07:59,114.8,30.1,1012.7
12:08:09,104.7,30.1,1012.7
12:08:19,105.4,30.1,1012.8
12:08:29,121.6,30.1,1012.8
12:08:39,125.4,30.1,1012.8
12:08:49,114.1,30.1,1013
12:08:59,96.8,30.1,1012.7
12:09:09,98.8,30.1,1012.8
12:09:19,107.9,30.1,1012.8
12:09:29,106.9,30.1,1013
12:09:39,111.5,30.1,1012.8
12:09:49,118.4,30.1,1013
12:09:59,116.2,30.1,1012.7
12:10:09,111.2,30.1,1012.8
12:10:19,107.5,30.1,1012.8
12:10:29,91.7,30.1,1012.8
12:10:39,105.7,30.1,996.6
12:10:49,118.6,30.1,996.7
12:10:59,69.4,30.1,996.7
12:11:09,62.8,30.1,996.6
12:11:19,80.8,30.1,996.6
12:11:29,75.4,30.1,996.6
12:11:39,87.3,30.1,996.6
12:11:49,96.3,30.1,996.6
12:11:59,86.1,30.1,996.7
12:12:09,87.8,30.1,996.7
12:12:19,110.7,30.1,996.7
12:12:29,111.9,30.1,996.6
12:12:39,111.2,30.1,996.7
12:12:49,117.6,30.1,996.6
12:12:59,101.9,30.1,996.6
12:13:09,93.4,30.1,996.6
12:13:19,109,30.1,996.6
12:13:29,113.6,30.1,996.6
12:13:39,106.5,30.1,996.6
12:13:49,96.1,30.1,996.6
12:13:59,98,30.1,996.6
12:14:09,104.2,30.1,996.6
12:14:19,110.7,30.1,996.7
12:14:29,132.5,30.1,996.6
12:14:39,118.6,30.1,996.6
12:14:49,101.4,30.1,996.6
12:14:59,107.5,30.1,996.6
12:15:09,119.8,30.1,996.6
12:15:19,122.8,30.1,996.6
12:15:29,116.4,30.1,996.6
12:15:39,120.8,30.1,996.6
12:15:49,106.3,30.1,996.6
12:15:59,91.6,30.1,996.6
12:16:09,102.8,30.1,996.6
12:16:19,106.4,30.1,996.6
12:16:29,90.7,30.1,996.6
12:16:39,94.3,30.1,996.6
12:16:49,105.3,30.1,996.6
12:16:59,99.8,30.1,996.6
12:17:09,100.4,30.1,996.7
12:17:19,121.3,30.1,996.7
12:17:29,119.1,30.1,996.6
12:17:39,107.9,30.1,996.6
12:17:49,120.6,30.1,996.6
12:17:59,113.6,30.1,996.6
12:18:09,107.6,30.1,996.6
12:18:19,118.8,30.1,996.7
12:18:29,122.7,30.1,996.7
12:18:39,107.5,30.1,996.7
12:18:49,111,30.1,996.6
12:18:59,117.8,30.1,996.6
12:19:09,107.5,30.1,996.6
12:19:19,107.4,30.1,996.6
12:19:29,111.1,30.2,996.6
12:19:39,101.1,30.1,996.6
12:19:49,97.8,30.1,996.6
12:19:59,93.7,30.2,996.7
12:20:09,96.8,30.1,996.6
12:20:19,110.9,30.1,996.7
12:20:29,117.1,30.1,996.6
12:20:39,110.2,30.2,996.6
12:20:49,102.3,30.2,996.6
12:20:59,88.9,30.2,996.7
12:21:09,89.8,30.2,996.7
12:21:19,101.9,30.2,996.6
12:21:29,111.8,30.2,996.6
12:21:39,124.3,30.2,996.6
12:21:49,115.2,30.2,996.6
12:21:59,89.9,30.2,996.6
12:22:09,84.9,30.2,996.7
12:22:19,106.7,30.2,996.7
12:22:29,101.2,30.2,996.7
12:22:39,98.2,30.2,996.7
12:22:49,103.8,30.2,996.7
12:22:59,100.9,30.2,996.7
12:23:09,103.1,30.2,996.6
12:23:19,119.1,30.2,996.6
12:23:29,112.7,30.2,996.6
12:23:39,100.2,30.2,996.6
12:23:49,104.9,30.2,996.6
12:23:59,104.7,30.2,996.7
12:24:09,97.8,30.2,996.6
12:24:19,103,30.2,996.7
12:24:29,107.9,30.2,996.6
12:24:39,90.2,30.2,996.6
12:24:49,95.6,30.2,996.6
12:24:59,103.2,30.2,996.7
12:25:09,101.3,30.2,996.6
12:25:19,113,30.2,996.6
12:25:29,109.3,30.2,996.6
12:25:39,99.6,30.2,996.6
12:25:49,108.3,30.2,996.6
12:25:59,110.3,30.2,996.7
12:26:09,103.7,30.2,996.6
12:26:19,111.3,30.2,996.6
12:26:29,108.2,30.2,996.6
12:26:39,99.1,30.2,996.7
12:26:49,99.1,30.2,996.6
12:26:59,99.2,30.2,996.6
12:27:09,89.4,30.2,996.6
12:27:19,101.3,30.2,996.7
12:27:29,111.5,30.2,996.7
12:27:39,104.5,30.2,996.7
12:27:49,119,30.2,996.6
12:27:59,107.1,30.2,996.7
12:28:09,98.2,30.2,996.6
12:28:19,112.9,30.2,996.6
12:28:29,115.2,30.2,996.5
12:28:39,119,30.2,996.6
12:28:49,108.5,30.2,996.6
12:28:59,95.6,30.2,996.6
12:29:09,99.5,30.2,996.6
12:29:19,100.7,30.2,996.6
12:29:29,121.9,30.2,996.6
12:29:39,122.4,30.2,996.6
12:29:49,116.3,30.2,996.6
12:29:59,123.3,30.2,996.6
12:30:09,103.6,30.2,996.6
12:30:19,98.1,30.2,996.6
12:30:29,115.7,30.2,996.6
12:30:39,119.8,30.2,996.6
12:30:49,120.1,30.2,996.6
12:30:59,124.1,30.2,996.7
12:31:09,110.6,30.2,996.6
12:31:19,109.8,30.2,996.7
12:31:29,109.6,30.2,996.6
12:31:39,114.3,30.3,996.6
12:31:49,114.7,30.3,996.6
12:31:59,104.7,30.3,996.7
12:32:09,106.6,30.2,996.6
12:32:19,96.8,30.3,996.6
12:32:29,113.3,30.2,996.5
12:32:39,122.1,30.2,996.6
12:32:49,109.3,30.3,996.6
12:32:59,112.6,30.3,996.6
12:33:09,118.3,30.3,996.6
12:33:19,116,30.3,996.6
12:33:29,110.1,30.3,996.6
12:33:39,110.9,30.3,996.6
12:33:49,106.7,30.3,996.6
12:33:59,120.3,30.3,996.6
12:34:09,127.7,30.3,996.5
12:34:19,117.7,30.3,996.7
12:34:29,118.6,30.3,996.6
12:34:39,108.9,30.3,996.6
12:34:49,112.3,30.3,996.6
12:34:59,115.3,30.3,996.6
12:35:09,96.6,30.3,996.6
12:35:19,102.9,30.3,996.5
12:35:29,117.1,30.3,996.5
12:35:39,117.4,30.3,996.5
12:35:49,116.6,30.3,996.5
12:35:59,129.4,30.3,996.5
12:36:09,136.7,30.3,996.5
12:36:19,126.9,30.3,996.5
12:36:29,126.7,30.3,996.5
12:36:39,120.4,30.3,996.5
12:36:49,126,30.3,996.5
12:36:59,123.7,30.3,996.5
12:37:09,131.3,30.3,996.5
12:37:19,130.8,30.3,996.5
12:37:29,118.8,30.3,996.5
12:37:39,128.9,30.3,996.3
12:37:49,117.5,30.3,996.3
12:37:59,113.1,30.3,996.5
12:38:09,118.8,30.3,996.5
12:38:19,129.1,30.3,996.3
12:38:29,126.8,30.3,996.3
12:38:39,116.4,30.3,996.5
12:38:49,108.7,30.3,996.3
12:38:59,100.8,30.3,996.3
12:39:09,109.8,30.3,996.3
12:39:19,113.7,30.3,996.3
12:39:29,106,30.3,996.3
12:39:39,104.7,30.3,996.3
12:39:49,98,30.3,996.3
12:39:59,90.3,30.3,996.3
12:40:09,99.6,30.3,996.3
12:40:19,114.3,30.3,996.3
12:40:29,124.3,30.3,996.3
12:40:39,117.8,30.3,996.3
12:40:49,104.9,30.3,996.3
12:40:59,114.2,30.3,996.3
12:41:09,119.9,30.3,996.3
12:41:19,131.7,30.3,996.3
12:41:29,137.9,30.3,996.3
12:41:39,129.9,30.3,996.3
12:41:49,115.8,30.3,996.3
12:41:59,113.4,30.3,996.3
12:42:09,124.2,30.3,996.3
12:42:19,106.7,30.3,996.2
12:42:29,90.2,30.3,996.6
12:42:39,99.6,30.3,1018.4
12:42:49,119,30.3,1014.4
12:42:59,127.1,30.3,1012.7
12:43:09,117.1,30.3,1010.6
12:43:19,114.4,30.3,1009.9
12:43:29,112.6,30.3,1009.5
12:43:39,115.4,30.3,1009.4
12:43:49,117.4,30.3,1008.3
12:43:59,102.6,30.3,1009.1
12:44:09,121.2,30.3,1009.1
12:44:19,130.4,30.3,1009.1
12:44:29,116.8,30.3,1009.1
12:44:39,108.7,30.3,1009
12:44:49,115.7,30.3,1009
12:44:59,125.8,30.3,1008.7
12:45:09,132.4,30.3,1008.9
12:45:19,138.5,30.3,1008.7
12:45:29,125.7,30.3,1008.9
12:45:39,106.2,30.4,1008.7
12:45:49,104.1,30.4,1009
12:45:59,113.4,30.4,1008.6
12:46:09,123.3,30.4,1008.6
12:46:19,127.3,30.3,1008.6
12:46:29,116.2,30.3,1008.6
12:46:39,116.4,30.4,1008.6
12:46:49,125.7,30.4,1008.7
12:46:59,123.7,30.3,1008.6
12:47:09,111.7,30.4,1008.6
12:47:19,120,30.3,1008.6
12:47:29,121.8,30.3,1008.6
12:47:39,111.1,30.3,1008.6
12:47:49,124.1,30.3,1008.7
12:47:59,125.9,30.3,1008.5
12:48:09,129,30.3,1008.5
12:48:19,126.8,30.3,1008.5
12:48:29,109.7,30.3,1008.5
12:48:39,116.2,30.3,1008.5
12:48:49,112,30.3,1008.6
12:48:59,104.4,30.3,1008.3
12:49:09,115.7,30.3,1008.5
12:49:19,128.6,30.3,1008.5
12:49:29,126.3,30.3,1008.5
12:49:39,112.3,30.3,1008.3
12:49:49,115,30.3,1008.6
12:49:59,114.8,30.3,1008.3
12:50:09,108.2,30.3,1008.3
12:50:19,103.2,30.3,1008.3
12:50:29,106.7,30.3,1008.5
12:50:39,101.5,30.3,1008.3
12:50:49,112.4,30.3,1008.6
12:50:59,124.9,30.3,1008.3
12:51:09,108.4,30.3,1008.3
12:51:19,115.5,30.3,1008.5
12:51:29,122.2,30.3,1008.5
12:51:39,115.2,30.3,1008.3
12:51:49,121.8,30.3,1008.6
12:51:59,111.2,30.3,1008.3
12:52:09,264.5,30.3,1008.3
12:52:19,274.6,30.3,1008.3
12:52:29,116.3,30.3,1008.5
12:52:39,120.4,30.3,1008.3
12:52:49,104.3,30.3,1008.6
12:52:59,103.8,30.3,1008.2
12:53:09,126.4,30.3,1008.3
12:53:19,124.4,30.3,1008.3
12:53:29,124.1,30.3,1008.5
12:53:39,123.4,30.3,1008.3
12:53:49,103,30.3,1008.6
12:53:59,101.5,30.3,1008.3
12:54:09,111.4,30.3,1008.3
12:54:19,104.9,30.3,1008.3
12:54:29,106.7,30.3,1008.5
12:54:39,107.7,30.3,1008.5
12:54:49,108.8,30.3,1008.6
12:54:59,116.1,30.3,1008.3
12:55:09,111.1,30.3,1008.5
12:55:19,109.1,30.3,1008.5
12:55:29,114,30.3,1008.6
12:55:39,114.8,30.3,1008.5
12:55:49,114.2,30.3,1008.7
12:55:59,111.2,30.3,1008.5
12:56:09,102.1,30.3,1008.5
12:56:19,109.7,30.3,1008.6
12:56:29,120.6,30.3,1008.6
12:56:39,118.6,30.4,1008.5
12:56:49,118.5,30.3,1008.7
12:56:59,107.5,30.3,1008.3
12:57:09,106.1,30.3,1008.5
12:57:19,106.4,30.4,1008.5
12:57:29,98.9,30.3,1008.6
12:57:39,115.2,30.4,1008.5
12:57:49,126.1,30.4,1008.7
12:57:59,127.8,30.4,1008.3
12:58:09,117.5,30.4,1008.5
12:58:19,115.1,30.4,1008.6
12:58:29,131.6,30.4,1008.6
12:58:39,132.1,30.4,1008.5
12:58:49,122,30.4,1008.6
12:58:59,110.1,30.4,1008.5
12:59:09,108.6,30.4,1008.5
12:59:19,121.8,30.4,1008.6
12:59:29,115.5,30.4,1008.7
12:59:39,115.8,30.4,1008.6
12:59:49,123.3,30.4,1008.7
12:59:59,116.8,30.4,1008.5
13:00:09,100.5,30.4,1008.6
13:00:19,105.8,30.4,1008.6
13:00:29,119.5,30.4,1008.6
13:00:39,114.9,30.4,1008.6
13:00:49,127.4,30.4,1008.7
13:00:59,124.4,30.4,1008.5
13:01:09,113.1,30.4,1008.6
13:01:19,117.2,30.4,1008.6
13:01:29,122.9,30.4,1008.7
13:01:39,130.8,30.4,1008.5
13:01:49,89,30.4,1008.6
13:01:59,68,30.4,1008.5
13:02:09,109.3,30.4,1008.6
13:02:19,109.2,30.4,1008.6
13:02:29,102.1,30.4,1008.6
13:02:39,110.7,30.4,1008.6
13:02:49,118.6,30.4,1008.7
13:02:59,126.4,30.4,1008.5
13:03:09,117.8,30.4,1008.6
13:03:19,100.8,30.4,1008.6
13:03:29,104.2,30.4,1008.7
13:03:39,117.2,30.4,1008.6
13:03:49,111.9,30.4,1008.9
13:03:59,115.2,30.4,1008.6
13:04:09,111.7,30.4,1008.6
13:04:19,106.9,30.4,1008.7
13:04:29,114.6,30.4,1008.7
13:04:39,111.4,30.4,1008.7
13:04:49,123.2,30.4,1008.9
13:04:59,122.4,30.4,1008.6
13:05:09,109.9,30.4,1008.6
13:05:19,122.3,30.4,1008.7
13:05:29,120.7,30.4,1008.7
13:05:39,121.9,30.4,1008.6
13:05:49,125.5,30.4,1008.7
13:05:59,123.3,30.4,1008.6
13:06:09,122.2,30.4,1008.6
13:06:19,114,30.4,1008.6
13:06:29,111.1,30.4,1008.6
13:06:39,114.8,30.4,1008.6
13:06:49,112.4,30.4,1008.7
13:06:59,115.8,30.4,1008.5
13:07:09,116.9,30.4,1008.6
13:07:19,107.4,30.4,1008.6
13:07:29,112.5,30.4,1008.7
13:07:39,117.9,30.4,1008.6
13:07:49,120.8,30.4,1008.7
13:07:59,112.1,30.4,1008.5
13:08:09,110.1,30.4,1008.5
13:08:19,125.5,30.4,1008.6
13:08:29,126.5,30.4,1008.6
13:08:39,98.1,30.4,1008.5
13:08:49,96.3,30.4,1008.6
13:08:59,111.1,30.4,1008.5
13:09:09,103.1,30.4,1008.6
13:09:19,105.5,30.4,1008.6
13:09:29,106.7,30.4,1008.7
13:09:39,101.9,30.4,1008.6
13:09:49,104.9,30.4,1008.9
13:09:59,100,30.4,1008.5
13:10:09,104.8,30.4,1008.7
13:10:19,124.7,30.4,1008.6
13:10:29,122.5,30.4,1008.7
13:10:39,112.4,30.4,1008.5
13:10:49,4.3,30.4,1008.9
13:10:59,-99.3,30.4,1008.5
13:11:09,15.8,30.4,1008.5
13:11:19,117.1,30.4,1008.5
13:11:29,113,30.4,1008.6
13:11:39,114.2,30.4,1008.5
13:11:49,100.6,30.4,1008.7
13:11:59,97.1,30.4,1008.5
13:12:09,100.9,30.4,1008.6
13:12:19,99.5,30.4,1008.6
13:12:29,108.6,30.4,1008.7
13:12:39,118.5,30.4,1008.7
13:12:49,122.8,30.4,1008.9
13:12:59,133.5,30.4,1008.6
13:13:09,119.9,30.4,1008.7
13:13:19,103.7,30.5,1008.7
13:13:29,105.6,30.5,1008.7
13:13:39,106.6,30.4,1008.6
13:13:49,105.3,30.5,1008.9
13:13:59,112.2,30.5,1008.6
13:14:09,116.4,30.5,1008.6
13:14:19,112.2,30.5,1008.6
13:14:29,111.9,30.5,1008.7
13:14:39,117,30.5,1008.7
13:14:49,116.8,30.5,1008.9
13:14:59,119.2,30.5,1008.6
13:15:09,132.8,30.5,1008.7
13:15:19,129.1,30.5,1008.7
13:15:29,122.7,30.5,1008.7
13:15:39,124.4,30.5,1008.6
13:15:49,123.3,30.5,1008.9
13:15:59,129.6,30.5,1008.6
13:16:09,112.7,30.5,1008.7
13:16:19,105.1,30.5,1008.6
13:16:29,116.3,30.5,1008.7
13:16:39,112.8,30.5,1008.7
13:16:49,109.9,30.5,1008.9
13:16:59,115.6,30.5,1008.6
13:17:09,111.8,30.5,1008.6
13:17:19,112,30.5,1008.6
13:17:29,112.8,30.5,1008.7
13:17:39,106,30.5,1008.6
13:17:49,114.2,30.5,1008.9
13:17:59,122.8,30.5,1008.6
13:18:09,121.2,30.5,1008.6
13:18:19,118.8,30.5,1008.7
13:18:29,110.4,30.5,1008.7
13:18:39,120.8,30.5,1008.7
13:18:49,119.7,30.5,1008.9
13:18:59,103.8,30.5,1008.6
13:19:09,107.5,30.5,1008.6
13:19:19,116.2,30.5,1008.6
13:19:29,125.9,30.5,1008.7
13:19:39,125.2,30.5,1008.6
13:19:49,123.8,30.5,1008.7
13:19:59,111.1,30.5,1008.3
13:20:09,115.8,30.5,1008.5
13:20:19,127.5,30.5,1008.6
13:20:29,122.7,30.5,1008.7
13:20:39,125.3,30.5,1008.6
13:20:49,118.6,30.5,1008.9
13:20:59,91.5,30.5,1008.6
13:21:09,95.9,30.5,1008.7
13:21:19,113.1,30.5,1008.7
13:21:29,105.4,30.5,1008.9
13:21:39,108.6,30.5,1008.7
13:21:49,111.6,30.5,1008.7
13:21:59,108.7,30.5,1008.5
13:22:09,108.3,30.5,1008.7
13:22:19,107.8,30.5,1008.7
13:22:29,108.6,30.5,1008.7
13:22:39,100.7,30.5,1008.6
13:22:49,101.8,30.5,1008.9
13:22:59,127.4,30.5,1008.6
13:23:09,133.7,30.5,1008.6
13:23:19,117.1,30.5,1008.6
13:23:29,105.8,30.5,1008.7
13:23:39,113.1,30.5,1008.6
13:23:49,103.1,30.5,1008.9
13:23:59,93.1,30.5,1008.5
13:24:09,107.2,30.5,1008.6
13:24:19,114.5,30.5,1008.6
13:24:29,108.7,30.5,1008.6
13:24:39,111.1,30.5,1008.5
13:24:49,120.3,30.5,1008.7
13:24:59,120.4,30.5,1008.5
13:25:09,120.7,30.5,1008.5
13:25:19,120,30.5,1008.6
13:25:29,116.6,30.5,1008.7
13:25:39,111.5,30.5,1008.6
13:25:49,117.9,30.5,1008.9
13:25:59,113.9,30.5,1008.5
13:26:09,114.4,30.5,1008.6
13:26:19,113.3,30.5,1008.7
13:26:29,110.9,30.5,1008.7
13:26:39,111.2,30.5,1008.6
13:26:49,115.7,30.5,1008.7
13:26:59,119.5,30.5,1008.5
13:27:09,113.1,30.5,1008.6
13:27:19,121.3,30.5,1008.6
13:27:29,141.3,30.5,1008.6
13:27:39,135.5,30.5,1008.6
13:27:49,117.3,30.5,1008.7
13:27:59,110.9,30.5,1008.3
13:28:09,118.7,30.5,1008.6
13:28:19,113.8,30.5,1008.7
13:28:29,101.7,30.5,1008.7
13:28:39,114.3,30.5,1008.7
13:28:49,116.1,30.5,1008.9
13:28:59,121.4,30.5,1008.6
13:29:09,127.6,30.5,1008.7
13:29:19,125.6,30.5,1008.7
13:29:29,117.8,30.5,1008.7
13:29:39,116.2,30.5,1008.6
13:29:49,121.8,30.5,1008.7
13:29:59,107.8,30.5,1008.5
13:30:09,109.7,30.5,1008.5
13:30:19,102.6,30.5,1008.5
13:30:29,96.2,30.5,1008.5
13:30:39,105.2,30.5,1008.5
13:30:49,109.6,30.5,1008.6
13:30:59,110.4,30.5,1008.3
13:31:09,106.8,30.5,1008.5
13:31:19,111.1,30.5,1008.6
13:31:29,117.7,30.5,1008.6
13:31:39,122.7,30.5,1008.6
13:31:49,111.6,30.5,1008.9
13:31:59,100.5,30.5,1008.6
13:32:09,114.6,30.5,1008.6
13:32:19,133.2,30.5,1008.6
13:32:29,127.5,30.5,1008.6
13:32:39,116.7,30.5,1008.6
13:32:49,116.7,30.5,1008.7
13:32:59,118.8,30.5,1008.3
13:33:09,110.5,30.5,1008.5
13:33:19,99.2,30.5,1008.6
13:33:29,107.6,30.5,1008.6
13:33:39,117.6,30.5,1008.5
13:33:49,110.4,30.5,1008.7
13:33:59,114.3,30.5,1008.3
13:34:09,136.9,30.5,1008.6
13:34:19,136.4,30.5,1008.6
13:34:29,124.7,30.5,1008.6
13:34:39,122.9,30.5,1008.6
13:34:49,110,30.5,1008.9
13:34:59,102.2,30.5,1008.5
13:35:09,111.9,30.5,1008.6
13:35:19,117.6,30.5,1008.6
13:35:29,116.2,30.5,1008.6
13:35:39,121.8,30.5,1008.5
13:35:49,117.4,30.5,1008.7
13:35:59,113.9,30.5,1008.3
13:36:09,116.1,30.5,1008.5
13:36:19,116.9,30.5,1008.6
13:36:29,118.6,30.5,1008.6
13:36:39,111.8,30.5,1008.6
13:36:49,125.3,30.5,1008.7
13:36:59,125.4,30.5,1008.5
13:37:09,108,30.5,1008.6
13:37:19,104.6,30.5,1008.6
13:37:29,96.3,30.5,1008.7
13:37:39,112.5,30.5,1008.6
13:37:49,116,30.6,1008.9
13:37:59,100.9,30.5,1008.5
13:38:09,112.8,30.5,1008.6
13:38:19,128.9,30.5,1008.6
13:38:29,127.4,30.5,1008.6
13:38:39,119.9,30.5,1008.5
13:38:49,119.8,30.5,1008.6
13:38:59,124.7,30.5,1008.3
13:39:09,122.1,30.5,1008.5
13:39:19,121.8,30.5,1008.5
13:39:29,130.9,30.5,1008.6
13:39:39,119.8,30.5,1008.6
13:39:49,108.8,30.5,1008.7
13:39:59,116.9,30.6,1008.6
13:40:09,129.8,30.6,1008.6
13:40:19,119.8,30.6,1008.7
13:40:29,102.1,30.5,1008.7
13:40:39,109.3,30.5,1008.7
13:40:49,120.3,30.6,1008.9
13:40:59,124.5,30.6,1008.5
13:41:09,112.6,30.5,1008.6
13:41:19,109.8,30.6,1008.6
13:41:29,123.3,30.5,1008.7
13:41:39,123.8,30.6,1008.5
13:41:49,120.8,30.6,1008.7
13:41:59,119.2,30.6,1008.3
13:42:09,120.5,30.5,1008.3
13:42:19,125.8,30.5,1008.5
13:42:29,122.2,30.5,1008.5
13:42:39,120.3,30.5,1008.5
13:42:49,120.7,30.5,1008.7
13:42:59,110.9,30.5,1008.5
13:43:09,92.6,30.6,1008.6
13:43:19,105.1,30.6,1008.6
13:43:29,128.1,30.6,1008.7
13:43:39,135.9,30.6,1008.6
13:43:49,124.4,30.6,1008.7
13:43:59,112.3,30.6,1008.5
13:44:09,124.8,30.6,1008.5
13:44:19,122.4,30.6,1008.6
13:44:29,100.6,30.6,1008.6
13:44:39,98.1,30.6,1008.5
13:44:49,114.7,30.6,1008.6
13:44:59,111.4,30.6,1008.3
13:45:09,105.7,30.6,1008.5
13:45:19,116.3,30.5,1008.5
13:45:29,134.7,30.6,1008.7
13:45:39,124,30.5,1008.5
13:45:49,103.3,30.6,1008.7
13:45:59,105.5,30.6,1008.5
13:46:09,107.4,30.6,1008.6
13:46:19,122.4,30.6,1008.6
13:46:29,129.5,30.6,1008.6
13:46:39,120.4,30.6,1008.5
13:46:49,122.9,30.6,1008.7
13:46:59,122.9,30.6,1008.5
13:47:09,112.1,30.6,1008.6
13:47:19,104.7,30.6,1008.5
13:47:29,109.4,30.6,1008.6
13:47:39,117.9,30.6,1008.5
13:47:49,120.1,30.6,1008.7
13:47:59,116.6,30.6,1008.3
13:48:09,105.8,30.5,1008.3
13:48:19,117.7,30.5,1008.3
13:48:29,131.2,30.6,1008.3
13:48:39,126.9,30.6,1008.3
13:48:49,124.8,30.5,1008.6
13:48:59,119.2,30.6,1008.3
13:49:09,122.1,30.6,1008.5
13:49:19,123.4,30.5,1008.6
13:49:29,114.2,30.6,1008.6
13:49:39,133.3,30.6,1008.5
13:49:49,144,30.5,1008.7
13:49:59,125.7,30.6,1008.5
13:50:09,127.5,30.6,1008.5
13:50:19,136.4,30.5,1008.5
13:50:29,128.1,30.5,1008.5
13:50:39,121.8,30.5,1008.5
13:50:49,128.2,30.6,1008.6
13:50:59,128.7,30.6,1008.2
13:51:09,121.9,30.6,1008.3
13:51:19,116,30.6,1008.3
13:51:29,118.7,30.6,1008.5
13:51:39,124.8,30.6,1008.5
13:51:49,135.1,30.5,1008.6
13:51:59,130.7,30.5,1008.3
13:52:09,111.1,30.6,1008.5
13:52:19,124.3,30.6,1008.6
13:52:29,132.1,30.6,1008.6
13:52:39,112.2,30.5,1008.5
13:52:49,109.3,30.5,1008.7
13:52:59,121.4,30.5,1008.5
13:53:09,130.7,30.5,1008.6
13:53:19,132.3,30.6,1008.5
13:53:29,124.4,30.6,1008.6
13:53:39,119.4,30.6,1008.5
13:53:49,127.7,30.6,1008.6
13:53:59,130.5,30.5,1008.3
13:54:09,125.9,30.6,1008.3
13:54:19,113.5,30.6,1008.3
13:54:29,110.3,30.5,1008.5
13:54:39,126.4,30.5,1008.3
13:54:49,127.9,30.6,1008.6
13:54:59,131.5,30.6,1008.2
13:55:09,144.7,30.5,1008.3
13:55:19,134.1,30.5,1008.6
13:55:29,124.1,30.6,1008.7
13:55:39,136,30.6,1008.6
13:55:49,132.2,30.6,1008.7
13:55:59,123.3,30.5,1008.5
13:56:09,140.1,30.5,1008.6
13:56:19,142,30.5,1008.6
13:56:29,118.4,30.6,1008.7
13:56:39,114.8,30.5,1008.5
13:56:49,126.7,30.6,1008.7
13:56:59,133.3,30.5,1008.3
13:57:09,131.7,30.6,1008.5
13:57:19,125.3,30.5,1008.5
13:57:29,132,30.6,1008.6
13:57:39,138.1,30.5,1008.5
13:57:49,118.6,30.6,1008.6
13:57:59,110.1,30.5,1008.3
13:58:09,119.4,30.5,1008.5
13:58:19,126.7,30.5,1008.6
13:58:29,138.4,30.6,1008.6
13:58:39,131,30.6,1008.6
13:58:49,126.7,30.5,1008.7
13:58:59,120.3,30.6,1008.6
13:59:09,114.6,30.5,1008.6
13:59:19,124.4,30.5,1008.6
13:59:29,129.9,30.5,1008.7
13:59:39,127,30.5,1008.6
13:59:49,108.1,30.5,1008.7
13:59:59,107.9,30.5,1008.5
14:00:09,125,30.5,1008.5
14:00:19,131.3,30.6,1008.6
14:00:29,129.8,30.5,1008.6
14:00:39,121.1,30.6,1008.5
14:00:49,117.4,30.6,1008.6
14:00:59,106.1,30.5,1008.3
14:01:09,111.4,30.6,1008.5
14:01:19,129.4,30.5,1008.5
14:01:29,131.4,30.5,1008.6
14:01:39,150.3,30.6,1008.5
14:01:49,147.3,30.6,1008.7
14:01:59,127.3,30.5,1008.5
14:02:09,124.8,30.5,1008.6
14:02:19,124.8,30.6,1008.6
14:02:29,116.2,30.5,1008.7
14:02:39,110.8,30.6,1008.6
14:02:49,124.6,30.5,1008.7
14:02:59,122.5,30.6,1008.5
14:03:09,116.8,30.5,1008.6
14:03:19,123,30.5,1008.5
14:03:29,119.9,30.5,1008.7
14:03:39,119.9,30.5,1008.6
14:03:49,117.1,30.5,1008.7
14:03:59,121,30.5,1008.5
14:04:09,132.7,30.5,1008.6
14:04:19,129.7,30.6,1008.6
14:04:29,115.6,30.5,1008.6
14:04:39,110,30.5,1008.6
14:04:49,117.6,30.5,1008.7
14:04:59,115.7,30.5,1008.5
14:05:09,104.2,30.5,1008.6
14:05:19,107.9,30.5,1008.6
14:05:29,118.5,30.5,1008.7
14:05:39,106.4,30.6,1008.6
14:05:49,104.5,30.6,1008.7
14:05:59,118.3,30.6,1008.5
14:06:09,122.2,30.5,1008.6
14:06:19,117.4,30.5,1008.5
14:06:29,117.1,30.6,1008.6
14:06:39,122.5,30.5,1008.5
14:06:49,122.6,30.6,1008.6
14:06:59,119.6,30.6,1008.3
14:07:09,112.6,30.6,1008.5
14:07:19,119.5,30.6,1008.5
14:07:29,129.7,30.5,1008.6
14:07:39,115.9,30.5,1008.5
14:07:49,117.3,30.6,1008.7
14:07:59,126.8,30.6,1008.3
14:08:09,120.6,30.6,1008.6
14:08:19,112.6,30.6,1008.6
14:08:29,103.9,30.6,1008.7
14:08:39,110.2,30.5,1008.6
14:08:49,116.9,30.6,1008.7
14:08:59,129,30.5,1008.5
14:09:09,139.2,30.6,1008.6
14:09:19,127.4,30.5,1008.6
14:09:29,117.6,30.5,1008.7
14:09:39,113.3,30.6,1008.6
14:09:49,120.3,30.5,1008.9
14:09:59,125.2,30.6,1008.5
14:10:09,136.4,30.6,1008.6
14:10:19,139.2,30.6,1008.7
14:10:29,126,30.6,1008.6
14:10:39,128.6,30.5,1008.6
14:10:49,120.5,30.5,1008.7
14:10:59,119.7,30.5,1008.5
14:11:09,126,30.5,1008.6
14:11:19,125,30.5,1008.6
14:11:29,129.6,30.5,1008.6
14:11:39,136.9,30.5,1008.5
14:11:49,137.7,30.6,1008.7
14:11:59,122.4,30.5,1008.3
14:12:09,116.3,30.5,1008.3
14:12:19,109.2,30.5,1008.3
14:12:29,94.1,30.5,1008.3
14:12:39,105.1,30.5,1008.3
14:12:49,123.1,30.5,1008.5
14:12:59,116.7,30.5,1008.2
14:13:09,107.9,30.5,1008.3
14:13:19,113.4,30.5,1008.3
14:13:29,121.4,30.5,1008.6
14:13:39,112,30.6,1008.6
14:13:49,112.9,30.5,1008.9
14:13:59,124,30.5,1008.6
14:14:09,132.1,30.6,1008.6
14:14:19,141.4,30.6,1008.6
14:14:29,119,30.6,1008.6
14:14:39,102.4,30.5,1008.6
14:14:49,119.6,30.6,1008.7
14:14:59,121.9,30.5,1008.3
14:15:09,122.6,30.6,1008.5
14:15:19,139.4,30.6,1008.5
14:15:29,139.8,30.6,1008.6
14:15:39,129.3,30.5,1008.6
14:15:49,123.9,30.6,1008.7
14:15:59,123.8,30.5,1008.5
14:16:09,119,30.5,1008.6
14:16:19,127.6,30.5,1008.5
14:16:29,124.6,30.5,1008.6
14:16:39,119.3,30.5,1008.5
14:16:49,137.9,30.5,1008.7
14:16:59,130.3,30.5,1008.3
14:17:09,115.4,30.5,1008.5
14:17:19,118.2,30.5,1008.5
14:17:29,122.5,30.5,1008.6
14:17:39,120.7,30.5,1008.5
14:17:49,120.5,30.5,1008.7
14:17:59,120.7,30.5,1008.3
14:18:09,111.7,30.5,1008.6
14:18:19,110.6,30.5,1008.5
14:18:29,122.8,30.5,1008.6
14:18:39,125.5,30.5,1008.5
14:18:49,126.4,30.5,1008.6
14:18:59,125.7,30.5,1008.3
14:19:09,107,30.5,1008.5
14:19:19,106.4,30.5,1008.6
14:19:29,131.1,30.5,1008.6
14:19:39,146.6,30.5,1008.5
14:19:49,151.2,30.5,1008.7
14:19:59,125.7,30.5,1008.3
14:20:09,113.8,30.5,1008.6
14:20:19,121.1,30.5,1008.5
14:20:29,111.1,30.5,1008.6
14:20:39,101.2,30.5,1008.5
14:20:49,106.8,30.5,1008.7
14:20:59,121.3,30.5,1008.3
14:21:09,115,30.5,1008.5
14:21:19,117.1,30.5,1008.5
14:21:29,122,30.5,1008.6
14:21:39,124.2,30.5,1008.5
14:21:49,140.1,30.5,1008.7
14:21:59,130,30.5,1008.5
14:22:09,110.4,30.5,1008.6
14:22:19,117.8,30.5,1008.6
14:22:29,108.1,30.5,1008.6
14:22:39,102.8,30.5,1008.5
14:22:49,114.3,30.5,1008.7
14:22:59,104,30.5,1008.3
14:23:09,114.7,30.5,1008.6
14:23:19,138.4,30.5,1008.5
14:23:29,117.9,30.5,1008.6
14:23:39,115.5,30.5,1008.5
14:23:49,120.7,30.5,1008.7
14:23:59,123.6,30.5,1008.3
14:24:09,129.9,30.5,1008.5
14:24:19,135.1,30.5,1008.5
14:24:29,135.6,30.5,1008.5
14:24:39,127,30.5,1008.3
14:24:49,139,30.5,1008.6
14:24:59,134.5,30.5,1008.3
14:25:09,114.5,30.5,1008.5
14:25:19,107.7,30.5,1008.5
14:25:29,120.1,30.5,1008.6
14:25:39,141.9,30.5,1008.3
14:25:49,138.8,30.5,1008.7
14:25:59,109.9,30.5,1008.3
14:26:09,108.6,30.5,1008.5
14:26:19,120,30.5,1008.5
14:26:29,138.3,30.5,1008.6
14:26:39,140.1,30.5,1008.5
14:26:49,115.6,30.5,1008.6
14:26:59,114,30.5,1008.3
14:27:09,108.6,30.5,1008.5
14:27:19,111.9,30.5,1008.5
14:27:29,127.2,30.5,1008.6
14:27:39,119.6,30.5,1008.5
14:27:49,108.6,30.5,1008.6
14:27:59,113.9,30.5,1008.3
14:28:09,124.5,30.5,1008.5
14:28:19,125.1,30.5,1008.5
14:28:29,132.8,30.5,1008.6
14:28:39,142.1,30.5,1008.5
14:28:49,141.2,30.5,1008.7
14:28:59,131.9,30.5,1008.3
14:29:09,124.9,30.5,1008.5
14:29:19,118.6,30.5,1008.5
14:29:29,117.7,30.5,1008.5
14:29:39,128.9,30.5,1008.3
14:29:49,119.4,30.5,1008.6
14:29:59,111.9,30.5,1008.3
14:30:09,114.7,30.5,1008.5
14:30:19,112.1,30.5,1008.5
14:30:29,117.2,30.5,1008.6
14:30:39,128.6,30.5,1008.6
14:30:49,142.3,30.5,1008.7
14:30:59,136.5,30.5,1008.5
14:31:09,128.8,30.5,1008.5
14:31:19,125.1,30.5,1008.5
14:31:29,133.7,30.5,1008.6
14:31:39,133.3,30.5,1008.5
14:31:49,112.8,30.5,1008.7
14:31:59,114.2,30.5,1008.3
14:32:09,108.9,30.5,1008.5
14:32:19,104.4,30.5,1008.5
14:32:29,107.4,30.5,1008.5
14:32:39,125.3,30.5,1008.5
14:32:49,144.9,30.5,1008.6
14:32:59,132.5,30.5,1008.3
14:33:09,125.2,30.5,1008.6
14:33:19,123.4,30.5,1008.6
14:33:29,132,30.5,1008.6
14:33:39,136.9,30.5,1008.6
14:33:49,130.4,30.5,1008.7
14:33:59,118.6,30.5,1008.5
14:34:09,100,30.5,1008.6
14:34:19,103.2,30.5,1008.6
14:34:29,108.1,30.5,1008.7
14:34:39,136.6,30.5,1008.6
14:34:49,145.4,30.5,1008.7
14:34:59,124.3,30.5,1008.5
14:35:09,127.9,30.5,1008.6
14:35:19,131.2,30.5,1008.6
14:35:29,110.9,30.5,1008.6
14:35:39,111.5,30.5,1008.5
14:35:49,134.7,30.5,1008.7
14:35:59,124.6,30.5,1008.5
14:36:09,122.2,30.5,1008.6
14:36:19,128.6,30.5,1008.6
14:36:29,121.3,30.5,1008.6
14:36:39,116.3,30.5,1008.6
14:36:49,119.6,30.5,1008.7
14:36:59,130.9,30.5,1008.5
14:37:09,128.5,30.5,1008.6
14:37:19,115.7,30.5,1008.6
14:37:29,129.2,30.5,1008.7
14:37:39,135.1,30.5,1008.5
14:37:49,117.9,30.5,1008.9
14:37:59,117.7,30.5,1008.3
14:38:09,129.3,30.5,1008.6
14:38:19,130.1,30.5,1008.6
14:38:29,122,30.5,1008.6
14:38:39,109,30.5,1008.6
14:38:49,132.8,30.5,1008.7
14:38:59,168.1,30.5,1008.5
14:39:09,140.6,30.5,1008.6
14:39:19,116.8,30.5,1008.6
14:39:29,118.9,30.5,1008.7
14:39:39,119.7,30.5,1008.6
14:39:49,123.7,30.5,1008.9
14:39:59,129.4,30.5,1008.5
14:40:09,138.9,30.5,1008.6
14:40:19,131.2,30.5,1008.6
14:40:29,116.5,30.5,1008.6
14:40:39,106.6,30.5,1008.6
14:40:49,108.7,30.5,1008.7
14:40:59,128.1,30.5,1008.5
14:41:09,138.1,30.5,1008.5
14:41:19,135.3,30.5,1008.5
14:41:29,125,30.5,1008.5
14:41:39,121.2,30.5,1008.3
14:41:49,136.2,30.5,1008.6
14:41:59,124.7,30.5,1008.2
14:42:09,120.1,30.5,1008.3
14:42:19,126.1,30.5,1008.3
14:42:29,111.6,30.5,1008.5
14:42:39,92.7,30.5,1008.3
14:42:49,78.1,30.5,1008.7
14:42:59,107.6,30.5,1008.5
14:43:09,121.3,30.5,1008.6
14:43:19,146.7,30.5,995.4
14:43:29,124.5,30.5,995.5
14:43:39,68.4,30.5,995.4
14:43:49,83.7,30.5,995.8
14:43:59,80.8,30.5,1000.6
14:44:09,101.9,30.5,1000.2
14:44:19,133,30.5,1000.1
14:44:29,116.4,30.4,1000.2
14:44:39,98.2,30.4,1000.2
14:44:49,109.4,30.4,1000.3
14:44:59,120.3,30.4,1000.2
14:45:09,104.2,30.4,1000.2
14:45:19,82,30.4,1000.2
14:45:29,98,30.4,1000.3
14:45:39,124.3,30.5,1000.2
14:45:49,110.5,30.4,1000.3
14:45:59,114.9,30.4,1000.3
14:46:09,128.5,30.5,1000.3
14:46:19,132.5,30.5,1000.3
14:46:29,122.6,30.4,1000.3
14:46:39,108.7,30.5,1000.3
14:46:49,117.9,30.4,1000.5
14:46:59,122.4,30.5,1000.2
14:47:09,111.8,30.5,1000.3
14:47:19,107.2,30.5,1000.3
14:47:29,106.5,30.4,1000.3
14:47:39,119.4,30.4,1000.3
14:47:49,128,30.5,1000.5
14:47:59,131,30.5,1000.3
14:48:09,131.1,30.5,1000.5
14:48:19,131.2,30.5,1000.3
14:48:29,138.6,30.5,1000.3
14:48:39,126.5,30.5,1000.3
14:48:49,107.9,30.5,1000.5
14:48:59,107.9,30.5,1000.3
14:49:09,114.3,30.5,1000.5
14:49:19,126.9,30.5,1000.5
14:49:29,108.7,30.5,1000.5
14:49:39,95.2,30.5,1000.3
14:49:49,119.3,30.5,1000.6
14:49:59,118.7,30.5,1000.3
14:50:09,127.8,30.5,1000.3
14:50:19,137.1,30.5,1000.3
14:50:29,150.6,30.5,1000.5
14:50:39,154,30.5,1000.5
14:50:49,132.4,30.5,1000.6
14:50:59,121.1,30.5,1000.3
14:51:09,116.8,30.5,1000.5
14:51:19,120.1,30.5,1000.5
14:51:29,121.4,30.5,1000.5
14:51:39,118.1,30.5,1000.3
14:51:49,111.2,30.5,1000.5
14:51:59,110.6,30.5,1000.3
14:52:09,119,30.5,1000.5
14:52:19,110.3,30.5,1000.5
14:52:29,106.3,30.5,1000.5
14:52:39,126.7,30.5,1000.5
14:52:49,142.3,30.5,1000.6
14:52:59,120,30.5,1000.5
14:53:09,109.1,30.5,1000.5
14:53:19,136.1,30.5,1000.5
14:53:29,120.3,30.5,1000.5
14:53:39,113.7,30.5,1000.5
14:53:49,139.3,30.5,1000.7
14:53:59,118.5,30.5,1000.5
14:54:09,98.5,30.5,1000.5
14:54:19,115,30.5,1000.5
14:54:29,110.3,30.5,1000.5
14:54:39,104.3,30.5,1000.5
14:54:49,121.5,30.5,1000.5
14:54:59,130.5,30.5,1000.3
14:55:09,138.6,30.5,1000.3
14:55:19,128.7,30.5,1000.3
14:55:29,112.5,30.5,1000.5
14:55:39,103.9,30.5,1000.3
14:55:49,99,30.5,1000.6
14:55:59,118.6,30.5,1000.3
14:56:09,129.3,30.5,1000.3
14:56:19,116.3,30.5,1000.5
14:56:29,110.9,30.5,1000.5
14:56:39,119.6,30.5,1000.5
14:56:49,114.8,30.5,1000.6
14:56:59,121.8,30.5,1000.5
14:57:09,118.3,30.5,1000.5
14:57:19,118,30.5,1000.5
14:57:29,113.6,30.5,1000.5
14:57:39,100.5,30.5,1000.5
14:57:49,118,30.5,1000.6
14:57:59,127.8,30.5,1000.5
14:58:09,111,30.5,1000.5
14:58:19,106.2,30.5,1000.5
14:58:29,113.3,30.5,1000.5
14:58:39,101.1,30.5,1000.5
14:58:49,101.3,30.5,1000.6
14:58:59,110.6,30.5,1000.3
14:59:09,101.5,30.5,1000.5
14:59:19,110.9,30.5,1000.5
14:59:29,125.5,30.5,1000.5
14:59:39,127.2,30.5,1000.5
14:59:49,122.1,30.5,1000.6
14:59:59,99.1,30.5,1000.3
15:00:09,108.9,30.5,1000.5
15:00:19,112.4,30.5,1000.5
15:00:29,99.1,30.5,1000.5
15:00:39,105.3,30.5,1000.5
15:00:49,107.2,30.5,1000.5
15:00:59,121.9,30.5,1000.3
15:01:09,144,30.5,1000.5
15:01:19,133.4,30.5,1000.5
15:01:29,117.5,30.5,1000.5
15:01:39,126.2,30.5,1000.5
15:01:49,114.3,30.5,1000.6
15:01:59,115.5,30.5,1000.3
15:02:09,118.5,30.5,1000.5
15:02:19,113.7,30.5,1000.3
15:02:29,124.7,30.5,1000.5
15:02:39,124.4,30.5,1000.5
15:02:49,119.8,30.5,1000.6
15:02:59,115.5,30.5,1000.3
15:03:09,114.3,30.5,1000.5
15:03:19,105.9,30.5,1000.3
15:03:29,107.5,30.5,1000.5
15:03:39,106.7,30.5,1000.3
15:03:49,131.5,30.5,1000.6
15:03:59,143.4,30.5,1000.3
15:04:09,120.5,30.5,1000.5
15:04:19,124.5,30.5,1000.5
15:04:29,111.1,30.5,1000.5
15:04:39,120,30.5,1000.6
15:04:49,146.2,30.5,1000.6
15:04:59,124.6,30.5,1000.5
15:05:09,113.5,30.5,1000.5
15:05:19,122.2,30.5,1000.5
15:05:29,108.8,30.5,1000.5
15:05:39,99.8,30.5,1000.5
15:05:49,108.4,30.5,1000.5
15:05:59,117.1,30.5,1000.2
15:06:09,125.3,30.5,1000.3
15:06:19,119.8,30.5,1000.3
15:06:29,108.4,30.5,1000.5
15:06:39,119,30.5,1000.5
15:06:49,120.3,30.5,1000.6
15:06:59,97.8,30.5,1000.3
15:07:09,94.1,30.5,1000.5
15:07:19,103.9,30.5,1000.5
15:07:29,97.4,30.5,1000.5
15:07:39,99.2,30.5,1000.5
15:07:49,111.5,30.5,1000.6
15:07:59,122.5,30.5,1000.3
15:08:09,116.3,30.5,1000.5
15:08:19,109.6,30.5,1000.5
15:08:29,114.6,30.5,1000.5
15:08:39,116.4,30.6,1000.5
15:08:49,110.1,30.5,1000.6
15:08:59,100.2,30.5,1000.5
15:09:09,107,30.5,1000.5
15:09:19,108.3,30.6,1000.5
15:09:29,108.5,30.5,1000.5
15:09:39,116.7,30.5,1000.5
15:09:49,112.9,30.5,1000.6
15:09:59,109.7,30.6,1000.3
15:10:09,121.2,30.6,1000.5
15:10:19,113.6,30.5,1000.5
15:10:29,104.8,30.6,1000.6
15:10:39,107.2,30.6,1000.5
15:10:49,106.4,30.6,1000.6
15:10:59,109.2,30.6,1000.3
15:11:09,111.5,30.6,1000.3
15:11:19,112.5,30.6,1000.5
15:11:29,119.2,30.6,1000.5
15:11:39,117.1,30.6,1000.3
15:11:49,111.4,30.6,1000.6
15:11:59,103.9,30.6,1000.3
15:12:09,109.6,30.6,1000.3
15:12:19,132.7,30.6,1000.3
15:12:29,121.4,30.6,1000.3
15:12:39,104.8,30.6,1000.5
15:12:49,112.7,30.6,1000.5
15:12:59,124.5,30.6,1000.3
15:13:09,123.8,30.6,1000.5
15:13:19,104.7,30.6,1000.3
15:13:29,113.9,30.6,1000.3
15:13:39,124.4,30.6,1000.3
15:13:49,122.8,30.6,1000.5
15:13:59,112.8,30.6,1000.3
15:14:09,114.3,30.6,1000.3
15:14:19,126,30.6,1000.3
15:14:29,114.4,30.6,1000.3
15:14:39,112.7,30.6,1000.3
15:14:49,116.2,30.6,1000.5
15:14:59,115.1,30.6,1000.3
15:15:09,121.5,30.6,1000.3
15:15:19,115.1,30.6,1000.3
15:15:29,120.3,30.6,1000.5
15:15:39,139.6,30.6,1000.3
15:15:49,135,30.6,1000.5
15:15:59,119.3,30.6,1000.3
15:16:09,92.6,30.6,1000.3
15:16:19,99.8,30.6,1000.3
15:16:29,111.2,30.6,1000.3
15:16:39,114.6,30.6,1000.3
15:16:49,121.3,30.6,1000.5
15:16:59,130.8,30.6,1000.2
15:17:09,126.4,30.6,1000.3
15:17:19,120.9,30.6,1000.3
15:17:29,131.2,30.6,1000.3
15:17:39,119.3,30.6,1000.3
15:17:49,113.1,30.6,1000.5
15:17:59,110.1,30.6,1000.2
15:18:09,107.9,30.6,1000.3
15:18:19,105,30.6,1000.3
15:18:29,115.5,30.6,1000.3
15:18:39,118.9,30.6,1000.3
15:18:49,122.9,30.6,1000.5
15:18:59,132.2,30.6,1000.3
15:19:09,135.3,30.6,1000.3
15:19:19,130.6,30.6,1000.3
15:19:29,127.5,30.6,1000.5
15:19:39,119.5,30.6,1000.3
15:19:49,117.3,30.6,1000.5
15:19:59,123.9,30.6,1000.3
15:20:09,99.3,30.6,1000.5
15:20:19,117.3,30.6,1000.5
15:20:29,120.5,30.6,1000.5
15:20:39,91.6,30.6,1000.3
15:20:49,87.7,30.6,1000.5
15:20:59,113.1,30.6,1000.3
15:21:09,116.8,30.6,1000.3
15:21:19,89.3,30.6,1000.3
15:21:29,104.8,30.6,1000.5
15:21:39,114.1,30.6,1000.3
15:21:49,109.3,30.6,1000.5
15:21:59,114.6,30.6,1000.3
15:22:09,125.1,30.6,1000.3
15:22:19,126.5,30.6,1000.3
15:22:29,115.7,30.6,1000.3
15:22:39,111.6,30.6,1000.3
15:22:49,112.7,30.6,1000.5
15:22:59,121,30.6,1000.2
15:23:09,119.2,30.6,1000.3
15:23:19,118.5,30.6,1000.3
15:23:29,112.6,30.6,1000.3
15:23:39,121.7,30.6,1000.2
15:23:49,149.3,30.6,1000.3
15:23:59,146.7,30.6,1000.2
15:24:09,132.9,30.6,1000.2
15:24:19,113.7,30.6,1000.2
15:24:29,123,30.6,1000.3
15:24:39,137,30.6,1000.3
15:24:49,130.6,30.6,1000.3
15:24:59,110.8,30.6,1000.2
15:25:09,110.8,30.6,1000.2
15:25:19,121.6,30.6,1000.2
15:25:29,117.2,30.6,1000.3
15:25:39,112.9,30.6,1000.3
15:25:49,114.9,30.6,1000.5
15:25:59,119.2,30.6,1000.3
15:26:09,126.8,30.6,1000.3
15:26:19,131.8,30.6,1000.3
15:26:29,124.4,30.6,1000.3
15:26:39,114.1,30.6,1000.3
15:26:49,130.9,30.6,1000.3
15:26:59,141.6,30.6,1000.3
15:27:09,107.7,30.6,1000.3
15:27:19,91.9,30.6,1000.3
15:27:29,118.3,30.6,1000.5
15:27:39,125.8,30.6,1000.2
15:27:49,128.5,30.6,1000.5
15:27:59,123,30.6,1000.2
15:28:09,110.1,30.6,1000.3
15:28:19,133.5,30.6,1000.3
15:28:29,137.9,30.6,1000.3
15:28:39,130.2,30.6,1000.3
15:28:49,119.1,30.6,1000.5
15:28:59,113.5,30.6,1000.3
15:29:09,117,30.6,1000.3
15:29:19,116.3,30.6,1000.3
15:29:29,126.8,30.6,1000.5
15:29:39,124.5,30.6,1000.3
15:29:49,120,30.6,1000.3
15:29:59,115.2,30.6,1000.2
15:30:09,108,30.6,1000.3
15:30:19,106.1,30.6,1000.3
15:30:29,101.7,30.6,1000.2
15:30:39,111.8,30.6,1000.3
15:30:49,106.1,30.6,1000.5
15:30:59,103.8,30.6,1000.3
15:31:09,105.8,30.6,1000.3
15:31:19,104.9,30.6,1000.3
15:31:29,104.8,30.6,1000.5
15:31:39,107.9,30.6,1000.3
15:31:49,121.7,30.6,1000.5
15:31:59,126.1,30.6,1000.3
15:32:09,108.3,30.6,1000.3
15:32:19,110.7,30.6,1000.3
15:32:29,123.5,30.6,1000.3
15:32:39,99.2,30.6,1000.3
15:32:49,86,30.6,1000.5
15:32:59,100.4,30.6,1000.2
15:33:09,99.2,30.6,1000.3
15:33:19,116.7,30.6,1000.3
15:33:29,115.2,30.6,1000.5
15:33:39,98.2,30.6,1000.3
15:33:49,107.4,30.6,1000.5
15:33:59,119.8,30.6,1000.2
15:34:09,128.8,30.6,1000.3
15:34:19,118.7,30.6,1000.3
15:34:29,106.9,30.6,1000.3
15:34:39,103.7,30.6,1000.3
15:34:49,105.1,30.6,1000.5
15:34:59,87.2,30.6,1000.2
15:35:09,86.2,30.6,1000.3
15:35:19,102.4,30.6,1000.3
15:35:29,94,30.6,1000.3
15:35:39,92.1,30.6,1000.3
15:35:49,117.3,30.6,1000.5
15:35:59,129.1,30.6,1000.3
15:36:09,123.2,30.6,1000.3
15:36:19,117.7,30.6,1000.3
15:36:29,107.2,30.6,1000.3
15:36:39,104.7,30.6,1000.3
15:36:49,114.8,30.6,1000.5
15:36:59,125.6,30.6,1000.2
15:37:09,115.6,30.6,1000.3
15:37:19,100,30.6,1000.3
15:37:29,109.4,30.6,1000.3
15:37:39,118.7,30.6,1000.3
15:37:49,103.5,30.6,1000.5
15:37:59,109.9,30.6,1000.3
15:38:09,130.2,30.6,1000.3
15:38:19,116.4,30.6,1000.3
15:38:29,98.7,30.6,1000.3
15:38:39,108.9,30.6,1000.3
15:38:49,133.3,30.6,1000.5
15:38:59,138.1,30.6,1000.2
15:39:09,140.2,30.6,1000.3
15:39:19,121.4,30.6,1000.3
15:39:29,102.7,30.6,1000.5
15:39:39,123.5,30.6,1000.2
15:39:49,140,30.6,1000.5
15:39:59,138.5,30.6,1000.2
15:40:09,125.7,30.6,1000.5
15:40:19,129.2,30.6,1000.3
15:40:29,121.9,30.6,1000.5
15:40:39,114.3,30.6,1000.3
15:40:49,108.5,30.6,1000.5
15:40:59,102.4,30.6,1000.2
15:41:09,104.8,30.6,1000.3
15:41:19,110.5,30.6,1000.3
15:41:29,124.2,30.6,1000.3
15:41:39,120.3,30.6,1000.3
15:41:49,115.7,30.6,1000.5
15:41:59,113,30.6,1000.2
15:42:09,111.9,30.6,1000.3
15:42:19,114.6,30.6,1000.3
15:42:29,100.3,30.6,1000.3
15:42:39,117.8,30.6,1000.3
15:42:49,131.5,30.6,1000.5
15:42:59,106.4,30.6,1000.2
15:43:09,114.8,30.6,1000.3
15:43:19,138.7,30.6,1000.3
15:43:29,121.9,30.6,1000.5
15:43:39,112.1,30.6,1000.3
15:43:49,122.6,30.6,1000.6
15:43:59,123.2,30.6,1000.3
15:44:09,123.9,30.6,1000.3
15:44:19,126.2,30.6,1000.3
15:44:29,116.9,30.6,1000.3
15:44:39,115.5,30.6,1000.5
15:44:49,121.6,30.6,1000.5
15:44:59,109.7,30.6,1000.2
15:45:09,96.3,30.6,1000.3
15:45:19,105.5,30.6,1000.3
15:45:29,104.8,30.6,1000.3
15:45:39,103.8,30.6,1000.2
15:45:49,117.3,30.6,1000.5
15:45:59,119.1,30.6,1000.2
15:46:09,118.5,30.6,1000.3
15:46:19,116.6,30.6,1000.3
15:46:29,122,30.6,1000.5
15:46:39,128.4,30.6,1000.3
15:46:49,125,30.6,1000.5
15:46:59,129.6,30.6,1000.2
15:47:09,128.1,30.6,1000.3
15:47:19,115.2,30.6,1000.5
15:47:29,108.4,30.6,1000.5
15:47:39,107.7,30.6,1000.5
15:47:49,112.9,30.6,1000.6
15:47:59,95.4,30.6,1000.3
15:48:09,97,30.6,1000.5
15:48:19,96.3,30.6,1000.5
15:48:29,85.6,30.6,1000.5
15:48:39,104.5,30.6,1000.5
15:48:49,103.5,30.7,1000.6
15:48:59,87.9,30.7,1000.3
15:49:09,106.2,30.6,1000.5
15:49:19,122.8,30.6,1000.5
15:49:29,112.4,30.7,1000.5
15:49:39,101,30.6,1000.3
15:49:49,98.9,30.7,1000.5
15:49:59,115,30.6,1000.3
15:50:09,110.8,30.7,1000.5
15:50:19,90.6,30.7,1000.3
15:50:29,96.8,30.7,1000.5
15:50:39,96.9,30.6,1000.3
15:50:49,102.2,30.7,1000.6
15:50:59,109.4,30.6,1000.3
15:51:09,112.4,30.7,1000.3
15:51:19,108.2,30.7,1000.3
15:51:29,106.4,30.6,1000.5
15:51:39,109.2,30.6,1000.3
15:51:49,113.4,30.7,1000.6
15:51:59,117.1,30.7,1000.3
15:52:09,107.6,30.7,1000.5
15:52:19,110,30.7,1000.3
15:52:29,90.9,30.7,1000.6
15:52:39,88.7,30.7,1000.5
15:52:49,116,30.7,1000.6
15:52:59,104.9,30.7,1000.3
15:53:09,106,30.7,1000.5
15:53:19,118.3,30.7,1000.5
15:53:29,115.5,30.7,1000.6
15:53:39,111.9,30.7,1000.5
15:53:49,102.1,30.7,1000.6
15:53:59,108.5,30.7,1000.3
15:54:09,120.4,30.7,1000.5
15:54:19,117.6,30.7,1000.3
15:54:29,111.3,30.7,1000.5
15:54:39,109.3,30.7,1000.5
15:54:49,109.7,30.7,1000.6
15:54:59,115.5,30.7,1000.3
15:55:09,116,30.7,1000.5
15:55:19,112.7,30.7,1000.5
15:55:29,92.6,30.7,1000.5
15:55:39,101.5,30.7,1000.5
15:55:49,128.5,30.7,1000.6
15:55:59,123,30.7,1000.5
15:56:09,109,30.7,1000.5
15:56:19,101.4,30.7,1000.5
15:56:29,111.1,30.7,1000.5
15:56:39,126.7,30.7,1000.5
15:56:49,113.4,30.7,1000.6
15:56:59,101.7,30.7,1000.3
15:57:09,119.6,30.7,1000.5
15:57:19,127.1,30.7,1000.5
15:57:29,111.7,30.7,1000.5
15:57:39,112.9,30.7,1000.5
15:57:49,109.6,30.7,1000.7
15:57:59,108.9,30.7,1000.5
15:58:09,128.9,30.7,1000.5
15:58:19,125.1,30.7,1000.5
15:58:29,121.7,30.7,1000.5
15:58:39,121.2,30.7,1000.5
15:58:49,107.2,30.7,1000.6
15:58:59,110.8,30.7,1000.5
15:59:09,116.4,30.7,1000.5
15:59:19,110.4,30.7,1000.5
15:59:29,105.5,30.7,1000.5
15:59:39,96.4,30.7,1000.5
15:59:49,99.4,30.7,1000.7
15:59:59,112.8,30.7,1000.5
16:00:09,115.7,30.7,1000.6
16:00:19,114.1,30.7,1000.5
16:00:29,111.8,30.7,1000.5
16:00:39,103.2,30.7,1000.5
16:00:49,103.7,30.7,1000.6
16:00:59,115.1,30.7,1000.5
16:01:09,119.8,30.7,1000.5
16:01:19,121.5,30.7,1000.5
16:01:29,124.8,30.7,1000.6
16:01:39,109.6,30.7,1000.5
16:01:49,99.3,30.7,1000.7
16:01:59,96.4,30.7,1000.5
16:02:09,97.9,30.7,1000.6
16:02:19,106.3,30.7,1000.6
16:02:29,106.3,30.7,1000.6
16:02:39,109.4,30.7,1000.6
16:02:49,107.1,30.7,1000.7
16:02:59,109.8,30.7,1000.5
16:03:09,115.7,30.7,1000.6
16:03:19,104.5,30.7,1000.6
16:03:29,115.5,30.7,1000.6
16:03:39,128,30.7,1000.5
16:03:49,124.1,30.7,1000.7
16:03:59,110.9,30.7,1000.5
16:04:09,108.1,30.7,1000.6
16:04:19,116.4,30.7,1000.6
16:04:29,99.7,30.7,1000.7
16:04:39,85.9,30.7,1000.6
16:04:49,105.6,30.7,1000.7
16:04:59,123.9,30.7,1000.5
16:05:09,125.1,30.7,1000.6
16:05:19,115,30.7,1000.6
16:05:29,102.6,30.7,1000.6
16:05:39,110,30.7,1000.6
16:05:49,115.8,30.7,1000.7
16:05:59,104.4,30.7,1000.6
16:06:09,108.9,30.7,1000.6
16:06:19,110.6,30.7,1000.6
16:06:29,95.5,30.7,1000.6
16:06:39,105.4,30.7,1000.6
16:06:49,132.4,30.7,1000.7
16:06:59,132.8,30.7,1000.6
16:07:09,107.2,30.7,1000.6
16:07:19,112.7,30.7,1000.5
16:07:29,102.5,30.7,1000.7
16:07:39,102.8,30.7,1000.6
16:07:49,98.8,30.7,1000.7
16:07:59,86.8,30.7,1000.5
16:08:09,90.9,30.7,1000.6
16:08:19,100.2,30.7,1000.6
16:08:29,106.5,30.7,1000.6
16:08:39,115.4,30.7,1000.6
16:08:49,117.6,30.7,1000.7
16:08:59,104.1,30.7,1000.5
16:09:09,93.1,30.7,1000.6
16:09:19,81.6,30.7,1000.6
16:09:29,106.9,30.7,1000.6
16:09:39,117.2,30.7,1000.5
16:09:49,113.2,30.7,1000.6
16:09:59,120.9,30.7,1000.5
16:10:09,106.8,30.7,1000.6
16:10:19,107.6,30.7,1000.5
16:10:29,114.3,30.7,1000.6
16:10:39,114,30.7,1000.6
16:10:49,108.2,30.7,1000.7
16:10:59,86.1,30.7,1000.5
16:11:09,92.7,30.7,1000.6
16:11:19,103.1,30.7,1000.6
16:11:29,97.5,30.7,1000.7
16:11:39,107.3,30.7,1000.6
16:11:49,108.5,30.7,1000.7
16:11:59,109.4,30.7,1000.5
16:12:09,110.2,30.7,1000.6
16:12:19,102.9,30.7,1000.6
16:12:29,99.5,30.7,1000.6
16:12:39,96.1,30.7,1000.6
16:12:49,106,30.7,1000.7
16:12:59,111.9,30.8,1000.6
16:13:09,115.7,30.7,1000.6
16:13:19,118.3,30.7,1000.7
16:13:29,103.2,30.7,1000.6
16:13:39,79.4,30.7,1000.6
16:13:49,101.2,30.7,1000.7
16:13:59,114,30.7,1000.5
16:14:09,115.3,30.7,1000.7
16:14:19,126.2,30.7,1000.6
16:14:29,118.9,30.7,1000.6
16:14:39,104.3,30.7,1000.6
16:14:49,123.5,30.7,1000.7
16:14:59,145.7,30.8,1000.6
16:15:09,114.3,30.8,1000.6
16:15:19,102.4,30.7,1000.7
16:15:29,112.3,30.7,1000.7
16:15:39,111.7,30.8,1000.6
16:15:49,121.7,30.7,1000.7
16:15:59,117,30.7,1000.6
16:16:09,112.9,30.7,1000.6
16:16:19,122.4,30.8,1000.6
16:16:29,116.3,30.7,1000.7
16:16:39,109.4,30.7,1000.7
16:16:49,90.9,30.7,1000.7
16:16:59,82.9,30.8,1000.5
16:17:09,100.2,30.8,1000.6
16:17:19,106.5,30.8,1000.6
16:17:29,109.1,30.8,1000.7
16:17:39,99.1,30.8,1000.6
16:17:49,99.5,30.8,1000.9
16:17:59,122.2,30.8,1000.5
16:18:09,113.4,30.8,1000.6
16:18:19,95.2,30.8,1000.7
16:18:29,107.4,30.8,1000.6
16:18:39,119.8,30.8,1000.6
16:18:49,101.3,30.8,1000.9
16:18:59,104.8,30.8,1000.5
16:19:09,126.6,30.8,1000.7
16:19:19,128.5,30.8,1000.7
16:19:29,119.3,30.8,1000.7
16:19:39,104.1,30.8,1000.6
16:19:49,100.8,30.8,1000.7
16:19:59,110.4,30.8,1000.6
16:20:09,122.2,30.8,1000.6
16:20:19,120.2,30.8,1000.7
16:20:29,115.4,30.8,1000.7
16:20:39,133.2,30.8,1000.6
16:20:49,116.6,30.8,1000.7
16:20:59,97.1,30.8,1000.5
16:21:09,100.8,30.8,1000.6
16:21:19,103,30.8,1000.7
16:21:29,107.5,30.8,1000.7
16:21:39,104.4,30.8,1000.6
16:21:49,101.1,30.8,1000.7
16:21:59,106.6,30.8,1000.5
16:22:09,105.3,30.8,1000.6
16:22:19,112.8,30.8,1000.6
16:22:29,120,30.8,1000.6
16:22:39,113.7,30.8,1000.6
16:22:49,118.1,30.8,1000.7
16:22:59,120.6,30.8,1000.6
16:23:09,105.5,30.8,1000.7
16:23:19,102.8,30.8,1000.7
16:23:29,108.2,30.8,1000.7
16:23:39,108.6,30.8,1000.6
16:23:49,111.4,30.8,1000.7
16:23:59,107.1,30.8,1000.6
16:24:09,100,30.8,1000.7
16:24:19,111.6,30.8,1000.5
16:24:29,124.6,30.8,1000.6
16:24:39,111.5,30.8,1000.5
16:24:49,133.5,30.8,1000.6
16:24:59,135.4,30.8,1000.5
16:25:09,90.8,30.8,1000.6
16:25:19,84.2,30.8,1000.6
16:25:29,98.9,30.8,1000.6
16:25:39,109.7,30.8,1000.6
16:25:49,115.7,30.8,1000.6
16:25:59,123.9,30.8,1000.5
16:26:09,125.9,30.7,1000.5
16:26:19,115.6,30.8,1000.6
16:26:29,110.5,30.8,1000.6
16:26:39,109.6,30.8,1000.5
16:26:49,130,30.8,1000.6
16:26:59,133.7,30.8,1000.5
16:27:09,123.5,30.8,1000.5
16:27:19,122.8,30.7,1000.5
16:27:29,121.4,30.7,1000.6
16:27:39,114.9,30.8,1000.5
16:27:49,135,30.8,1000.7
16:27:59,140.9,30.7,1000.6
16:28:09,109.1,30.8,1000.5
16:28:19,102,30.8,1000.6
16:28:29,109.1,30.8,1000.6
16:28:39,110.7,30.8,1000.6
16:28:49,106.6,30.8,1000.7
16:28:59,114.9,30.8,1000.5
16:29:09,131.9,30.8,1000.6
16:29:19,125.8,30.8,1000.6
16:29:29,120.9,30.7,1000.6
16:29:39,106,30.8,1000.6
16:29:49,96.4,30.8,1000.7
16:29:59,115.6,30.8,1000.5
16:30:09,130.6,30.8,1000.6
16:30:19,124.1,30.7,1000.6
16:30:29,117.2,30.7,1000.6
16:30:39,119.6,30.7,1000.6
16:30:49,106.4,30.8,1000.6
16:30:59,103.3,30.8,1000.5
16:31:09,106.3,30.8,1000.5
16:31:19,101.8,30.8,1000.6
16:31:29,117.1,30.8,1000.7
16:31:39,122.7,30.7,1000.5
16:31:49,118.1,30.7,1000.7
16:31:59,114.3,30.8,1000.5
16:32:09,106,30.7,1000.6
16:32:19,105,30.8,1000.7
16:32:29,107.7,30.8,1000.7
16:32:39,105.5,30.8,1000.6
16:32:49,109.9,30.8,1000.7
16:32:59,105.8,30.8,1000.6
16:33:09,98.5,30.8,1000.6
16:33:19,98.1,30.8,1000.7
16:33:29,98.9,30.8,1000.7
16:33:39,104.2,30.8,1000.6
16:33:49,104.7,30.8,1000.9
16:33:59,113.2,30.8,1000.5
16:34:09,108.1,30.8,1000.7
16:34:19,99.8,30.8,1000.7
16:34:29,106.1,30.7,1000.6
16:34:39,112.1,30.7,1000.7
16:34:49,115.8,30.8,1000.7
16:34:59,103.8,30.7,1000.6
16:35:09,96.5,30.7,1000.7
16:35:19,107.5,30.7,1000.7
16:35:29,105.4,30.8,1000.7
16:35:39,108.5,30.8,1000.7
16:35:49,112,30.8,1000.9
16:35:59,108.9,30.8,1000.6
16:36:09,110.7,30.8,1000.6
16:36:19,105.6,30.8,1000.7
16:36:29,107,30.8,1000.7
16:36:39,104.5,30.8,1000.7
16:36:49,102.7,30.8,1000.9
16:36:59,112.4,30.8,1000.6
16:37:09,101.1,30.8,1000.6
16:37:19,92.2,30.8,1000.7
16:37:29,98.1,30.8,1000.7
16:37:39,104.1,30.8,1000.6
16:37:49,120.2,30.8,1000.9
16:37:59,110,30.8,1000.6
16:38:09,85.1,30.8,1000.7
16:38:19,101.7,30.8,1000.6
16:38:29,118.9,30.8,1000.7
16:38:39,118.7,30.8,1000.7
16:38:49,114.5,30.8,1000.9
16:38:59,98.8,30.8,1000.6
16:39:09,113,30.8,1000.7
16:39:19,120.8,30.8,1000.7
16:39:29,118.2,30.8,1000.7
16:39:39,110.4,30.8,1000.7
16:39:49,104.4,30.8,1000.7
16:39:59,98.5,30.8,1000.6
16:40:09,93.8,30.8,1000.7
16:40:19,94.2,30.8,1000.7
16:40:29,102.6,30.8,1000.7
16:40:39,93.6,30.8,1000.7
16:40:49,88.6,30.8,1000.9
16:40:59,109.5,30.8,1000.6
16:41:09,107.6,30.8,995.3
16:41:19,99.6,30.8,995.3
16:41:29,99.3,30.8,996.6
16:41:39,127.8,30.8,997
16:41:49,134.4,30.8,997.1
16:41:59,109.9,30.8,997.1
16:42:09,103.8,30.8,997.3
16:42:19,96.9,30.8,997.1
16:42:29,95.8,30.8,997.1
16:42:39,100.9,30.8,997.1
16:42:49,108.2,30.8,997.3
16:42:59,114.4,30.8,997.1
16:43:09,121.3,30.8,997.1
16:43:19,117.8,30.8,997.1
16:43:29,90.7,30.8,997.1
16:43:39,98.3,30.8,997.1
16:43:49,128.5,30.8,997.3
16:43:59,112.3,30.8,997.1
16:44:09,100.2,30.8,997.3
16:44:19,95.5,30.8,997.3
16:44:29,92.9,30.8,997.1
16:44:39,121.3,30.8,997.1
16:44:49,121.4,30.8,997.4
16:44:59,104.1,30.8,997.3
16:45:09,104.6,30.8,997.1
16:45:19,93.6,30.8,997.1
16:45:29,100.5,30.8,997.3
16:45:39,122.5,30.8,997.3
16:45:49,108.6,30.8,997.3
16:45:59,118,30.8,997.1
16:46:09,130.9,30.8,997.3
16:46:19,123,30.8,997.1
16:46:29,113.2,30.8,997.3
16:46:39,117.9,30.8,997.3
16:46:49,111.9,30.8,997.3
16:46:59,107.1,30.8,997.1
16:47:09,134.7,30.8,997.3
16:47:19,153.9,30.8,997.1
16:47:29,160.3,30.8,997.1
16:47:39,128.6,30.8,997.3
16:47:49,133.5,30.8,997.1
16:47:59,155.5,30.8,997.1
16:48:09,124.3,30.8,997.3
16:48:19,118.5,30.8,997.1
16:48:29,117.1,30.8,997.1
16:48:39,105.9,30.8,997.1
16:48:49,106,30.8,997.3
16:48:59,112,30.8,997.1
16:49:09,107.1,30.8,997.1
16:49:19,114.4,30.8,997.1
16:49:29,124.9,30.8,997.3
16:49:39,122.2,30.8,997.1
16:49:49,132.3,30.8,997.3
16:49:59,127.1,30.8,997.1
16:50:09,130.4,30.8,997.3
16:50:19,136,30.8,997.3
16:50:29,122.7,30.8,997.3
16:50:39,111.6,30.8,997.3
16:50:49,119.8,30.8,997.4
16:50:59,132.5,30.8,997.3
16:51:09,137.1,30.8,997.3
16:51:19,132.4,30.8,997.3
16:51:29,117.7,30.8,997.3
16:51:39,119.4,30.8,997.3
16:51:49,127,30.8,997.3
16:51:59,117.6,30.8,997.3
16:52:09,112.4,30.8,997.3
16:52:19,117,30.8,997.3
16:52:29,126.5,30.8,997.3
16:52:39,126.9,30.8,997.3
16:52:49,117.1,30.8,997.4
16:52:59,104.6,30.8,997.3
16:53:09,98.7,30.8,997.3
16:53:19,103.7,30.8,997.3
16:53:29,112,30.8,997.3
16:53:39,117.8,30.8,997.3